{
    "results": [
        {
            "business_status": "OPERATIONAL",
            "geometry": {
                "location": {
                    "lat": 66.0516617,
                    "lng": -21.5505194
                },
                "viewport": {
                    "northeast": {
                        "lat": 66.05322288029151,
                        "lng": -21.5490116697085
                    },
                    "southwest": {
                        "lat": 66.05052491970851,
                        "lng": -21.5517096302915
                    }
                }
            },
            "icon": "https://maps.gstatic.com/mapfiles/place_api/icons/v1/png_71/shopping-71.png",
            "name": "kaupfélagið Norðurfirði",
            "opening_hours": {
                "open_now": false
            },
            "place_id": "ChIJHXN_v0VXK08R9gKFO4q6n1k",
            "plus_code": {
                "compound_code": "3C2X+MQ Munaðarnes, Iceland",
                "global_code": "99RW3C2X+MQ"
            },
            "reference": "ChIJHXN_v0VXK08R9gKFO4q6n1k",
            "scope": "GOOGLE",
            "types": [
                "convenience_store",
                "food",
                "point_of_interest",
                "store",
                "establishment"
            ],
            "vicinity": "strandavegur, Strandavegur"
        },
        {
            "business_status": "OPERATIONAL",
            "geometry": {
                "location": {
                    "lat": 66.1495683,
                    "lng": -18.9028987
                },
                "viewport": {
                    "northeast": {
                        "lat": 66.15097063029151,
                        "lng": -18.9018504197085
                    },
                    "southwest": {
                        "lat": 66.1482726697085,
                        "lng": -18.9045483802915
                    }
                }
            },
            "icon": "https://maps.gstatic.com/mapfiles/place_api/icons/v1/png_71/gas_station-71.png",
            "name": "Olís Siglufjörður",
            "opening_hours": {
                "open_now": true
            },
            "photos": [
                {
                    "height": 2752,
                    "html_attributions": [
                        "<a href=\"https://maps.google.com/maps/contrib/104326536107463634046\">Helena Geri</a>"
                    ],
                    "photo_reference": "CmRaAAAAPjORJHKgdquCnQ4Ns-gtlL9R-PFN7vE4pneL5zH7TUKmJrpdRdNVxT1fzrpHfIC0ahEj-JRE75dYjIj_azFzDFBfR6jt7yXlwjzbKzEERdyOIJoTNMXvoOWzjxB3JhRREhBCJVYa_7ydMpgy1jCNFkhYGhSZQ6Alfy2xea4Fuw-aV3cu_T0pjw",
                    "width": 4896
                }
            ],
            "place_id": "ChIJI0O3vBbK0kgR4c3RVxO3jKo",
            "plus_code": {
                "compound_code": "43XW+RR Siglufjörður, Iceland",
                "global_code": "9CR343XW+RR"
            },
            "rating": 4.4,
            "reference": "ChIJI0O3vBbK0kgR4c3RVxO3jKo",
            "scope": "GOOGLE",
            "types": [
                "gas_station",
                "car_wash",
                "convenience_store",
                "cafe",
                "restaurant",
                "food",
                "point_of_interest",
                "store",
                "establishment"
            ],
            "user_ratings_total": 12,
            "vicinity": "Tjarnargata 6, Siglufjörður"
        },
        {
            "business_status": "OPERATIONAL",
            "geometry": {
                "location": {
                    "lat": 65.68924559999999,
                    "lng": -21.4422678
                },
                "viewport": {
                    "northeast": {
                        "lat": 65.6905865302915,
                        "lng": -21.4406676697085
                    },
                    "southwest": {
                        "lat": 65.68788856970849,
                        "lng": -21.4433656302915
                    }
                }
            },
            "icon": "https://maps.gstatic.com/mapfiles/place_api/icons/v1/png_71/shopping-71.png",
            "name": "Kaupfélagið",
            "opening_hours": {
                "open_now": false
            },
            "photos": [
                {
                    "height": 2160,
                    "html_attributions": [
                        "<a href=\"https://maps.google.com/maps/contrib/104513612772021842037\">Sigurrós Soffía Kristinsdóttir</a>"
                    ],
                    "photo_reference": "CmRaAAAAO2T0HyJkSZjhQGsufOQ4YNDcj4ssDy3actn7jXoGTombqZJrofjS3h36v3V3I91oz5tSry_2WVsw58X8i6oIAx1ayp_Zo49WRage_1oEk3N2waQBAE54iSTyjLc_V3LJEhCxxog0fUvUaSSQLMEdZy_EGhSA36clmFthHRHaDjShjQ8A5YPElw",
                    "width": 3840
                }
            ],
            "place_id": "ChIJ7T69Ewaw1EgRWsSarTbqKBo",
            "plus_code": {
                "compound_code": "MHQ5+M3 Drangsnes, Iceland",
                "global_code": "99QWMHQ5+M3"
            },
            "rating": 5,
            "reference": "ChIJ7T69Ewaw1EgRWsSarTbqKBo",
            "scope": "GOOGLE",
            "types": [
                "convenience_store",
                "food",
                "point_of_interest",
                "store",
                "establishment"
            ],
            "user_ratings_total": 1,
            "vicinity": "Drangsnesvegur"
        },
        {
            "business_status": "OPERATIONAL",
            "geometry": {
                "location": {
                    "lat": 65.8237467,
                    "lng": -20.3061789
                },
                "viewport": {
                    "northeast": {
                        "lat": 65.82513068029151,
                        "lng": -20.3046739697085
                    },
                    "southwest": {
                        "lat": 65.8224327197085,
                        "lng": -20.3073719302915
                    }
                }
            },
            "icon": "https://maps.gstatic.com/mapfiles/place_api/icons/v1/png_71/gas_station-71.png",
            "name": "Olís Skagaströnd",
            "opening_hours": {
                "open_now": true
            },
            "photos": [
                {
                    "height": 3235,
                    "html_attributions": [
                        "<a href=\"https://maps.google.com/maps/contrib/117067153241498460744\">János Palotás</a>"
                    ],
                    "photo_reference": "CmRaAAAAb-6Ee1xiUJl1e_j0HUDE4J719sTG7r5TPvpvu1BhgjH8JTMw7uXqtdsS4Z-gdMzH93rSszoy_G-w5kzuDt0S_qZXsfQTS5u5AqFCp0oV2g-GthfrgELAeS94kJrsmfQaEhB2gAZxcYcExNIwEzfcHfr9GhSt0BKmaKtma14GnWX9JQDGVhcKyQ",
                    "width": 4852
                }
            ],
            "place_id": "ChIJqesZBetH00gRY0FUk5-MSEU",
            "plus_code": {
                "compound_code": "RMFV+FG Skagaströnd, Iceland",
                "global_code": "99QXRMFV+FG"
            },
            "rating": 4.1,
            "reference": "ChIJqesZBetH00gRY0FUk5-MSEU",
            "scope": "GOOGLE",
            "types": [
                "gas_station",
                "car_wash",
                "convenience_store",
                "cafe",
                "restaurant",
                "food",
                "point_of_interest",
                "store",
                "establishment"
            ],
            "user_ratings_total": 9,
            "vicinity": "Oddagata, Skagaströnd"
        },
        {
            "business_status": "OPERATIONAL",
            "geometry": {
                "location": {
                    "lat": 65.75183679999999,
                    "lng": -19.6510649
                },
                "viewport": {
                    "northeast": {
                        "lat": 65.75318228029151,
                        "lng": -19.6497815697085
                    },
                    "southwest": {
                        "lat": 65.7504843197085,
                        "lng": -19.6524795302915
                    }
                }
            },
            "icon": "https://maps.gstatic.com/mapfiles/place_api/icons/v1/png_71/gas_station-71.png",
            "name": "Olís Sauðárkrókur",
            "opening_hours": {
                "open_now": false
            },
            "photos": [
                {
                    "height": 3264,
                    "html_attributions": [
                        "<a href=\"https://maps.google.com/maps/contrib/109126331002634591274\">Juan Hernandez</a>"
                    ],
                    "photo_reference": "CmRaAAAAQ1tHqEAxSuAm3XQH-c6l7OBOeAqyMkcGSsSob7KuFNpHivFdwrqGeiX985Y_VDKY6euNYY9m3OmzQ09Khv-_34zkFZiI57WBGySYYT-IZIUIVWZQA1R4K91jyvY9NtVdEhC6S9y9BjzfBfY2q0GFAu9wGhSGYcu_v7eneExfGpB5yCMtp8008g",
                    "width": 2448
                }
            ],
            "place_id": "ChIJbcWIVWIi00gRT3ktS_5QoFs",
            "plus_code": {
                "compound_code": "Q82X+PH Sauðárkrókur, Iceland",
                "global_code": "9CQ2Q82X+PH"
            },
            "rating": 5,
            "reference": "ChIJbcWIVWIi00gRT3ktS_5QoFs",
            "scope": "GOOGLE",
            "types": [
                "gas_station",
                "convenience_store",
                "food",
                "point_of_interest",
                "store",
                "establishment"
            ],
            "user_ratings_total": 5,
            "vicinity": "Aðalgata, Sauðárkrókur"
        },
        {
            "business_status": "OPERATIONAL",
            "geometry": {
                "location": {
                    "lat": 65.96718349999999,
                    "lng": -18.529338
                },
                "viewport": {
                    "northeast": {
                        "lat": 65.9687264302915,
                        "lng": -18.5280991197085
                    },
                    "southwest": {
                        "lat": 65.96602846970849,
                        "lng": -18.5307970802915
                    }
                }
            },
            "icon": "https://maps.gstatic.com/mapfiles/place_api/icons/v1/png_71/gas_station-71.png",
            "name": "Olís Dalvík",
            "photos": [
                {
                    "height": 3024,
                    "html_attributions": [
                        "<a href=\"https://maps.google.com/maps/contrib/111668617598681731085\">Thomas Savouré</a>"
                    ],
                    "photo_reference": "CmRaAAAAQyCTXsgAOvW-_nXBWJCRE6hd8ZGy60NlPe1BZJZ8CuP8xcTmGLvgLaqSjyJZG8y7x1EAZys9ANbN-dK7v0SRD9RWdX6v-a66YFAmTR648X7Q9ndtp7MV83C8qdS5wPkDEhB3XiseYxZRg8GWufdkDMENGhRf2OtWVQQHxASzna0fod0KqRMCVg",
                    "width": 4032
                }
            ],
            "place_id": "ChIJG2xEzbm-0kgRmYG8l4O5gy8",
            "plus_code": {
                "compound_code": "XF8C+V7 Dalvik, Iceland",
                "global_code": "9CQ3XF8C+V7"
            },
            "rating": 3.6,
            "reference": "ChIJG2xEzbm-0kgRmYG8l4O5gy8",
            "scope": "GOOGLE",
            "types": [
                "gas_station",
                "car_wash",
                "convenience_store",
                "cafe",
                "restaurant",
                "food",
                "point_of_interest",
                "store",
                "establishment"
            ],
            "user_ratings_total": 11,
            "vicinity": "Skíðabraut 21, Dalvík"
        },
        {
            "business_status": "OPERATIONAL",
            "geometry": {
                "location": {
                    "lat": 66.0697469,
                    "lng": -18.654583
                },
                "viewport": {
                    "northeast": {
                        "lat": 66.07100803029151,
                        "lng": -18.6532408197085
                    },
                    "southwest": {
                        "lat": 66.06831006970849,
                        "lng": -18.6559387802915
                    }
                }
            },
            "icon": "https://maps.gstatic.com/mapfiles/place_api/icons/v1/png_71/gas_station-71.png",
            "name": "Olís Ólafsfjörður",
            "opening_hours": {
                "open_now": true
            },
            "photos": [
                {
                    "height": 1152,
                    "html_attributions": [
                        "<a href=\"https://maps.google.com/maps/contrib/107201530768730102913\">Cassoulet 007</a>"
                    ],
                    "photo_reference": "CmRaAAAAmXVVQva5pRTnoPXv7lDILfqmqZsTl0CCGTNwOi_pmb3zFK7xR5OLBT6RWEWa7GazXEmwVs8D0MjH6K3kn9Q2nD6Mc7oFRzWgbBX8pvvLOoJrzZ7fZKOtCoLI18oHUxfbEhBfCWdRZ-Hr1ybCR4xV2N49GhRh-hZj24liUMzcKBN06jjRXhWm6w",
                    "width": 2048
                }
            ],
            "place_id": "ChIJf3nhVWO30kgRuAzTZgnSIaY",
            "plus_code": {
                "compound_code": "389W+V5 Ólafsfjörður, Iceland",
                "global_code": "9CR3389W+V5"
            },
            "rating": 4.6,
            "reference": "ChIJf3nhVWO30kgRuAzTZgnSIaY",
            "scope": "GOOGLE",
            "types": [
                "gas_station",
                "car_wash",
                "convenience_store",
                "cafe",
                "restaurant",
                "food",
                "point_of_interest",
                "store",
                "establishment"
            ],
            "user_ratings_total": 5,
            "vicinity": "Bylgjubyggð 2, Ólafsfjörður"
        },
        {
            "business_status": "OPERATIONAL",
            "geometry": {
                "location": {
                    "lat": 66.0391897,
                    "lng": -17.343033
                },
                "viewport": {
                    "northeast": {
                        "lat": 66.04049673029151,
                        "lng": -17.34141346970849
                    },
                    "southwest": {
                        "lat": 66.03779876970849,
                        "lng": -17.3441114302915
                    }
                }
            },
            "icon": "https://maps.gstatic.com/mapfiles/place_api/icons/v1/png_71/gas_station-71.png",
            "name": "Olís Húsavík",
            "opening_hours": {
                "open_now": true
            },
            "photos": [
                {
                    "height": 720,
                    "html_attributions": [
                        "<a href=\"https://maps.google.com/maps/contrib/112574738963955925679\">Olís Húsavík</a>"
                    ],
                    "photo_reference": "CmRaAAAAmCkUtEEuf1DkKWxnnHgtlW_BDfsIlXbB8BDsgocNf4nPm6Pl-0c-5A7_sg0xcuYNxHEVo1pRmsS9qq7Vb0LTjBwEyPIonWDcRmY5qFqgNaKx7oi5vDxdRCY_wDG76NN_EhCdgvRDvc1-0mLnlkGRhxt9GhRr1F17EQgAWPqVze9fWEhAineTFw",
                    "width": 1280
                }
            ],
            "place_id": "ChIJE1ZLzRJCzUgRK69-ZM0faZo",
            "plus_code": {
                "compound_code": "2MQ4+MQ Húsavík, Iceland",
                "global_code": "9CR42MQ4+MQ"
            },
            "rating": 4.1,
            "reference": "ChIJE1ZLzRJCzUgRK69-ZM0faZo",
            "scope": "GOOGLE",
            "types": [
                "gas_station",
                "car_wash",
                "convenience_store",
                "cafe",
                "restaurant",
                "food",
                "point_of_interest",
                "store",
                "establishment"
            ],
            "user_ratings_total": 15,
            "vicinity": "Garðarsbraut, Húsavík"
        },
        {
            "business_status": "OPERATIONAL",
            "geometry": {
                "location": {
                    "lat": 66.04663359999999,
                    "lng": -17.3431081
                },
                "viewport": {
                    "northeast": {
                        "lat": 66.04798413029151,
                        "lng": -17.3417475697085
                    },
                    "southwest": {
                        "lat": 66.04528616970849,
                        "lng": -17.3444455302915
                    }
                }
            },
            "icon": "https://maps.gstatic.com/mapfiles/place_api/icons/v1/png_71/shopping-71.png",
            "name": "Krambúð",
            "opening_hours": {
                "open_now": false
            },
            "place_id": "ChIJFT_tBxVCzUgRShQhtG9lT3k",
            "plus_code": {
                "compound_code": "2MW4+MQ Húsavík, Iceland",
                "global_code": "9CR42MW4+MQ"
            },
            "rating": 5,
            "reference": "ChIJFT_tBxVCzUgRShQhtG9lT3k",
            "scope": "GOOGLE",
            "types": [
                "convenience_store",
                "food",
                "point_of_interest",
                "store",
                "establishment"
            ],
            "user_ratings_total": 1,
            "vicinity": "Garðarsbraut 5, Húsavík"
        },
        {
            "business_status": "OPERATIONAL",
            "geometry": {
                "location": {
                    "lat": 65.6891279,
                    "lng": -18.1008425
                },
                "viewport": {
                    "northeast": {
                        "lat": 65.6904201302915,
                        "lng": -18.0993999197085
                    },
                    "southwest": {
                        "lat": 65.6877221697085,
                        "lng": -18.10209788029151
                    }
                }
            },
            "icon": "https://maps.gstatic.com/mapfiles/place_api/icons/v1/png_71/generic_business-71.png",
            "name": "Olís Akureyri",
            "opening_hours": {
                "open_now": true
            },
            "photos": [
                {
                    "height": 1152,
                    "html_attributions": [
                        "<a href=\"https://maps.google.com/maps/contrib/106576646383861518381\">Olís Akureyri</a>"
                    ],
                    "photo_reference": "CmRaAAAAuZycqgx4lssGUFjtbef0GMLQgS5j4mbuRIpV8Ubsra38lwqPg9fOpkC5V0XeL8yhWaQRBPwkHiNWw-YbmfuSJFpg_Jg5Ezlkw301zjtdjEClQf_QXWXHVgaZy7oOGEN0EhDZsO3W-mDP9fCWzGv7FUnnGhTJm1bijHsYDfisoi3kCG4WcCly4w",
                    "width": 2048
                }
            ],
            "place_id": "ChIJIdSnn6eP0kgRtVd24KWPz3k",
            "plus_code": {
                "compound_code": "MVQX+MM Akureyri, Iceland",
                "global_code": "9CQ3MVQX+MM"
            },
            "rating": 4.6,
            "reference": "ChIJIdSnn6eP0kgRtVd24KWPz3k",
            "scope": "GOOGLE",
            "types": [
                "car_wash",
                "convenience_store",
                "cafe",
                "restaurant",
                "food",
                "point_of_interest",
                "store",
                "establishment"
            ],
            "user_ratings_total": 17,
            "vicinity": "Tryggvabraut 1, Akureyri"
        },
        {
            "business_status": "OPERATIONAL",
            "geometry": {
                "location": {
                    "lat": 65.6868386,
                    "lng": -18.1282568
                },
                "viewport": {
                    "northeast": {
                        "lat": 65.68824798029151,
                        "lng": -18.1270545197085
                    },
                    "southwest": {
                        "lat": 65.6855500197085,
                        "lng": -18.1297524802915
                    }
                }
            },
            "icon": "https://maps.gstatic.com/mapfiles/place_api/icons/v1/png_71/shopping-71.png",
            "name": "Kram Shop",
            "opening_hours": {
                "open_now": true
            },
            "photos": [
                {
                    "height": 600,
                    "html_attributions": [
                        "<a href=\"https://maps.google.com/maps/contrib/107357182435468068854\">Sigurður Jóhannsson</a>"
                    ],
                    "photo_reference": "CmRaAAAA-MgDvyhIQRIVfyYf3bqw69KM5fqAJE4Kok4E0ZtFNZ9acJSUwB82NeezloSkbMJDlTeY_Mml9kbNFMeWi85yDlUKUvnDh95O0BntugkEisAx2GXMeMseqRVKoKLtGsK2EhBvzRfE1OnWwmMQVdNuC13vGhRyauzGeAJdCNlvA9YinPUT0YYbaA",
                    "width": 800
                }
            ],
            "place_id": "ChIJVXeL26qP0kgRt6ajGB1-JQI",
            "plus_code": {
                "compound_code": "MVPC+PM Akureyri, Iceland",
                "global_code": "9CQ3MVPC+PM"
            },
            "rating": 4,
            "reference": "ChIJVXeL26qP0kgRt6ajGB1-JQI",
            "scope": "GOOGLE",
            "types": [
                "convenience_store",
                "food",
                "point_of_interest",
                "store",
                "establishment"
            ],
            "user_ratings_total": 7,
            "vicinity": "Borgarbraut 600, Akureyri"
        },
        {
            "business_status": "OPERATIONAL",
            "geometry": {
                "location": {
                    "lat": 65.28241,
                    "lng": -14.4256118
                },
                "viewport": {
                    "northeast": {
                        "lat": 65.28389198029151,
                        "lng": -14.4245050197085
                    },
                    "southwest": {
                        "lat": 65.2811940197085,
                        "lng": -14.4272029802915
                    }
                }
            },
            "icon": "https://maps.gstatic.com/mapfiles/place_api/icons/v1/png_71/gas_station-71.png",
            "name": "Olís Fellabær",
            "photos": [
                {
                    "height": 1152,
                    "html_attributions": [
                        "<a href=\"https://maps.google.com/maps/contrib/104544909713082606512\">Puchong Hongpoo</a>"
                    ],
                    "photo_reference": "CmRaAAAAbYgWXTNSDVdVFgVLvJ9g0Q6ggk1SNoHfudcCTfcckHezL2kYfJG2lO149khn22sb6VzRw7U3mJlcU143voWgzXbGijM2LQWpfaf_OL_EAVq9dQhCW4lWQ6mHcJQiqiUSEhD0tRdKE8Nl_ifK9OuUr1nGGhTrMP0sTbcAz0I0QSTHlZU2srK2ew",
                    "width": 2048
                }
            ],
            "place_id": "ChIJWYlWiIwEzEgRr4evUL9kKow",
            "plus_code": {
                "compound_code": "7HJF+XQ Fellabær, Iceland",
                "global_code": "9CQ77HJF+XQ"
            },
            "rating": 4,
            "reference": "ChIJWYlWiIwEzEgRr4evUL9kKow",
            "scope": "GOOGLE",
            "types": [
                "gas_station",
                "convenience_store",
                "food",
                "point_of_interest",
                "store",
                "establishment"
            ],
            "user_ratings_total": 23,
            "vicinity": "Lagarfell, Fellabær"
        },
        {
            "business_status": "OPERATIONAL",
            "geometry": {
                "location": {
                    "lat": 64.9150152,
                    "lng": -23.88421
                },
                "viewport": {
                    "northeast": {
                        "lat": 64.9162854802915,
                        "lng": -23.8828118697085
                    },
                    "southwest": {
                        "lat": 64.9135875197085,
                        "lng": -23.8855098302915
                    }
                }
            },
            "icon": "https://maps.gstatic.com/mapfiles/place_api/icons/v1/png_71/shopping-71.png",
            "name": "N1 Self-Service Station",
            "opening_hours": {
                "open_now": true
            },
            "photos": [
                {
                    "height": 3464,
                    "html_attributions": [
                        "<a href=\"https://maps.google.com/maps/contrib/114819780304245840006\">MD</a>"
                    ],
                    "photo_reference": "CmRaAAAAlUYgrZCTEbZ9cVFbmC5sMgXRrJYoOzmEcs5hF8M3MO2ejwz1dSeoI2n2aQFEfnkLud_5HWD2v7HHLVua4e9V6skRCmskQwUv8mvOAQUCe-7DOuD9Smuf0P7IqXtYH3efEhBA3WufXz_VHf_GO_VdXjiWGhRPHGbrZuCVEOt168SIyFcj8gPNQQ",
                    "width": 4618
                }
            ],
            "place_id": "ChIJ4cO1n0CbKkkRKXOwr0xE_E0",
            "plus_code": {
                "compound_code": "W488+28 Hellissandur, Iceland",
                "global_code": "99PRW488+28"
            },
            "reference": "ChIJ4cO1n0CbKkkRKXOwr0xE_E0",
            "scope": "GOOGLE",
            "types": [
                "convenience_store",
                "food",
                "point_of_interest",
                "store",
                "establishment"
            ],
            "vicinity": "64.91508494,-23.88367116, Útnesvegur 360, Hellissandur"
        },
        {
            "business_status": "OPERATIONAL",
            "geometry": {
                "location": {
                    "lat": 64.5438344,
                    "lng": -21.9108113
                },
                "viewport": {
                    "northeast": {
                        "lat": 64.54533623029151,
                        "lng": -21.9093377697085
                    },
                    "southwest": {
                        "lat": 64.54263826970849,
                        "lng": -21.9120357302915
                    }
                }
            },
            "icon": "https://maps.gstatic.com/mapfiles/place_api/icons/v1/png_71/shopping-71.png",
            "name": "Hyrnan",
            "opening_hours": {
                "open_now": true
            },
            "photos": [
                {
                    "height": 3024,
                    "html_attributions": [
                        "<a href=\"https://maps.google.com/maps/contrib/105256874580961904125\">Sigursteinn Saevarsson</a>"
                    ],
                    "photo_reference": "CmRaAAAAR7gC0EVsKVB-9OzPoZboYniD4ESkyNBw10HG_HSVR_c5ytnk4El7ykQGTFPIiVv4Q70UbVcXqCSlgVJoT7N_VryfkyQlCnRdY30I_Yd1aMHJDuBGQ-TupM2tyWGmQdCmEhDh1qqIjzdCI6fdpTFmrTTLGhQwZxIdDT4ovOrU5NTRy--5JmLBLw",
                    "width": 4032
                }
            ],
            "place_id": "ChIJ4YR_fZnI1UgRBvHxGf43VdM",
            "plus_code": {
                "compound_code": "G3VQ+GM Borgarnes, Iceland",
                "global_code": "99PWG3VQ+GM"
            },
            "rating": 3.8,
            "reference": "ChIJ4YR_fZnI1UgRBvHxGf43VdM",
            "scope": "GOOGLE",
            "types": [
                "convenience_store",
                "food",
                "point_of_interest",
                "store",
                "establishment"
            ],
            "user_ratings_total": 35,
            "vicinity": "Borgarbraut 61, Borgarnes"
        },
        {
            "business_status": "OPERATIONAL",
            "geometry": {
                "location": {
                    "lat": 64.6750224,
                    "lng": -21.664567
                },
                "viewport": {
                    "northeast": {
                        "lat": 64.6765061802915,
                        "lng": -21.6638733197085
                    },
                    "southwest": {
                        "lat": 64.67380821970849,
                        "lng": -21.6665712802915
                    }
                }
            },
            "icon": "https://maps.gstatic.com/mapfiles/place_api/icons/v1/png_71/gas_station-71.png",
            "name": "Baulan",
            "opening_hours": {
                "open_now": true
            },
            "photos": [
                {
                    "height": 3024,
                    "html_attributions": [
                        "<a href=\"https://maps.google.com/maps/contrib/105256874580961904125\">Sigursteinn Saevarsson</a>"
                    ],
                    "photo_reference": "CmRaAAAAB68SepUP03hx9Iwr_Hv9aDDtqJIjHML64myaB7JM0trU6K28u5ucc6r7CPSjg1yltVpRnkhlkt8MCCgq7MOTA8vPfgUOJhz0mmrqhOks5JdN0FzB4zQUhZqbM5HmU7tgEhBch3bO67EHrRYRDks89SWOGhSpxlZpohZdg38sDFEHLz2sOMzsmw",
                    "width": 4032
                }
            ],
            "place_id": "ChIJ7Z120Um11UgRRmq0-r6IysM",
            "plus_code": {
                "compound_code": "M8GP+25 Haugar, Iceland",
                "global_code": "99PWM8GP+25"
            },
            "rating": 3.3,
            "reference": "ChIJ7Z120Um11UgRRmq0-r6IysM",
            "scope": "GOOGLE",
            "types": [
                "gas_station",
                "convenience_store",
                "restaurant",
                "food",
                "point_of_interest",
                "store",
                "establishment"
            ],
            "user_ratings_total": 34,
            "vicinity": "Þjóðvegur"
        },
        {
            "business_status": "OPERATIONAL",
            "geometry": {
                "location": {
                    "lat": 64.5446498,
                    "lng": -21.9079354
                },
                "viewport": {
                    "northeast": {
                        "lat": 64.5458576302915,
                        "lng": -21.9067207697085
                    },
                    "southwest": {
                        "lat": 64.54315966970849,
                        "lng": -21.9094187302915
                    }
                }
            },
            "icon": "https://maps.gstatic.com/mapfiles/place_api/icons/v1/png_71/gas_station-71.png",
            "name": "Olís Borgarnes",
            "opening_hours": {
                "open_now": true
            },
            "photos": [
                {
                    "height": 3456,
                    "html_attributions": [
                        "<a href=\"https://maps.google.com/maps/contrib/112063056713323412710\">神山宜也</a>"
                    ],
                    "photo_reference": "CmRaAAAA2ppbtWBiRmbf9gpzRnEDrX71XPTmZhb2s1C7333IARgehWDuCHpJWKl8Zl2fsgClagxrgqQEGBlfkAIYhqD8QfGNVwjPUgNFNuD8SwwQX3VyDjJx4h_3mTmwbeHmosckEhDzhjivpt3EUHFziPcz3p6vGhQtd0EqPEqnoKuPXbpXlPS44-geIA",
                    "width": 4608
                }
            ],
            "place_id": "ChIJRQFbJprI1UgR7U8CDraxdDU",
            "plus_code": {
                "compound_code": "G3VR+VR Borgarnes, Iceland",
                "global_code": "99PWG3VR+VR"
            },
            "rating": 4.2,
            "reference": "ChIJRQFbJprI1UgR7U8CDraxdDU",
            "scope": "GOOGLE",
            "types": [
                "gas_station",
                "car_wash",
                "convenience_store",
                "cafe",
                "restaurant",
                "food",
                "point_of_interest",
                "store",
                "establishment"
            ],
            "user_ratings_total": 91,
            "vicinity": "Brúartorg, Borgarnes"
        },
        {
            "business_status": "OPERATIONAL",
            "geometry": {
                "location": {
                    "lat": 64.3247227,
                    "lng": -22.06746579999999
                },
                "viewport": {
                    "northeast": {
                        "lat": 64.32603188029151,
                        "lng": -22.0660100697085
                    },
                    "southwest": {
                        "lat": 64.3233339197085,
                        "lng": -22.0687080302915
                    }
                }
            },
            "icon": "https://maps.gstatic.com/mapfiles/place_api/icons/v1/png_71/generic_business-71.png",
            "name": "Olís Akranes, Esjubraut",
            "opening_hours": {
                "open_now": true
            },
            "photos": [
                {
                    "height": 1512,
                    "html_attributions": [
                        "<a href=\"https://maps.google.com/maps/contrib/107983630297014624482\">Michał Mogiła</a>"
                    ],
                    "photo_reference": "CmRaAAAA1lEwyQYwatTwkQBqzTRrkNNri6ZeRNl-JsllQKQkGgZiMIntb7_7lW7Oe8gFHLF6P7SdkGOQ5URBtqUP1rA1dyeepq1R54--FaCs24XUY-qCGq6trIa-rL_98sJDxqajEhB0iSZl-oN9ar5klRVNwfPRGhRNCdUWhpIRiE9skd8SDX0ka-4qWg",
                    "width": 2688
                }
            ],
            "place_id": "ChIJpUdA5Zfd1UgRxIowHeyPqyw",
            "plus_code": {
                "compound_code": "8WFM+V2 Akranes, Iceland",
                "global_code": "99PV8WFM+V2"
            },
            "rating": 4.3,
            "reference": "ChIJpUdA5Zfd1UgRxIowHeyPqyw",
            "scope": "GOOGLE",
            "types": [
                "car_wash",
                "convenience_store",
                "cafe",
                "restaurant",
                "food",
                "point_of_interest",
                "store",
                "establishment"
            ],
            "user_ratings_total": 8,
            "vicinity": "Esjubraut 45, Akranes"
        },
        {
            "business_status": "OPERATIONAL",
            "geometry": {
                "location": {
                    "lat": 64.0009195,
                    "lng": -22.5489237
                },
                "viewport": {
                    "northeast": {
                        "lat": 64.00229103029152,
                        "lng": -22.5474060197085
                    },
                    "southwest": {
                        "lat": 63.9995930697085,
                        "lng": -22.5501039802915
                    }
                }
            },
            "icon": "https://maps.gstatic.com/mapfiles/place_api/icons/v1/png_71/gas_station-71.png",
            "name": "Olís Básinn",
            "opening_hours": {
                "open_now": true
            },
            "place_id": "ChIJTc7UDyMC1kgRDpLox2G_z1A",
            "plus_code": {
                "compound_code": "2F22+9C Reykjanesbær, Iceland",
                "global_code": "99PV2F22+9C"
            },
            "rating": 5,
            "reference": "ChIJTc7UDyMC1kgRDpLox2G_z1A",
            "scope": "GOOGLE",
            "types": [
                "gas_station",
                "convenience_store",
                "cafe",
                "restaurant",
                "food",
                "point_of_interest",
                "store",
                "establishment"
            ],
            "user_ratings_total": 3,
            "vicinity": "Framnesvegur, Keflavík"
        },
        {
            "business_status": "OPERATIONAL",
            "geometry": {
                "location": {
                    "lat": 64.1475778,
                    "lng": -21.9377516
                },
                "viewport": {
                    "northeast": {
                        "lat": 64.14888923029152,
                        "lng": -21.9368280197085
                    },
                    "southwest": {
                        "lat": 64.1461912697085,
                        "lng": -21.9395259802915
                    }
                }
            },
            "icon": "https://maps.gstatic.com/mapfiles/place_api/icons/v1/png_71/shopping-71.png",
            "name": "10-11",
            "opening_hours": {
                "open_now": true
            },
            "photos": [
                {
                    "height": 4032,
                    "html_attributions": [
                        "<a href=\"https://maps.google.com/maps/contrib/110661680571918402765\">Frank</a>"
                    ],
                    "photo_reference": "CmRaAAAAkJPn4jWph6d6KrLFL5hZyDBPh0ZIuf3HVTiFZX8et9sylz93N_XY5Dn-tl2i16af24vu4fnFbuOgX1ag97tzwBon8ZIpLpJ3Yqd4uk0g4h7pmJplsAA-OcimbV_V-8eaEhBbHKNsC6E0rqV1fMyd1ws3GhThhoCGUROak-IVgIy1w1LS6qsqkA",
                    "width": 3024
                }
            ],
            "place_id": "ChIJZcgcRy0L1kgRngMFMz-mIOA",
            "plus_code": {
                "compound_code": "43X6+2V Reykjavík, Iceland",
                "global_code": "99PW43X6+2V"
            },
            "rating": 3.4,
            "reference": "ChIJZcgcRy0L1kgRngMFMz-mIOA",
            "scope": "GOOGLE",
            "types": [
                "convenience_store",
                "food",
                "point_of_interest",
                "store",
                "establishment"
            ],
            "user_ratings_total": 70,
            "vicinity": "Austurstræti 17, Reykjavík"
        },
        {
            "business_status": "OPERATIONAL",
            "geometry": {
                "location": {
                    "lat": 64.1478367,
                    "lng": -21.978877
                },
                "viewport": {
                    "northeast": {
                        "lat": 64.1491350802915,
                        "lng": -21.9775247697085
                    },
                    "southwest": {
                        "lat": 64.14643711970848,
                        "lng": -21.9802227302915
                    }
                }
            },
            "icon": "https://maps.gstatic.com/mapfiles/place_api/icons/v1/png_71/shopping-71.png",
            "name": "IcelandToYou",
            "opening_hours": {
                "open_now": false
            },
            "photos": [
                {
                    "height": 1152,
                    "html_attributions": [
                        "<a href=\"https://maps.google.com/maps/contrib/110590436877500022139\">IcelandToYou</a>"
                    ],
                    "photo_reference": "CmRaAAAAx9-W5XCHzli97YhGqX-IYly-t07NNLSyjyKqby3e6Be6M0cE6tWmvxKs6TGcj2REKj38ZcZhUhvhqSGnCk2D0AnaI5zbE9cf-FC3eGXPZP7hCc8tWPyVm_WsfGAo6DpgEhDNqolVq0SZk7WTmZIPRYHAGhS8IfRnVkyxDx7x7yqARHZCT1VRLw",
                    "width": 2048
                }
            ],
            "place_id": "ChIJrbRwEiEL1kgR0MWqgHUDxu8",
            "plus_code": {
                "compound_code": "42XC+4C Seltjarnarnes, Iceland",
                "global_code": "99PW42XC+4C"
            },
            "rating": 4,
            "reference": "ChIJrbRwEiEL1kgR0MWqgHUDxu8",
            "scope": "GOOGLE",
            "types": [
                "convenience_store",
                "food",
                "point_of_interest",
                "store",
                "establishment"
            ],
            "user_ratings_total": 1,
            "vicinity": "Tjarnarmŷri"
        },
        {
            "business_status": "OPERATIONAL",
            "geometry": {
                "location": {
                    "lat": 64.0914153,
                    "lng": -21.9282083
                },
                "viewport": {
                    "northeast": {
                        "lat": 64.09266713029149,
                        "lng": -21.92659931970849
                    },
                    "southwest": {
                        "lat": 64.08996916970848,
                        "lng": -21.9292972802915
                    }
                }
            },
            "icon": "https://maps.gstatic.com/mapfiles/place_api/icons/v1/png_71/gas_station-71.png",
            "name": "Olís",
            "photos": [
                {
                    "height": 2224,
                    "html_attributions": [
                        "<a href=\"https://maps.google.com/maps/contrib/115238824114208489763\">Daniel Tyszka</a>"
                    ],
                    "photo_reference": "CmRaAAAAj49Re3_wDf0ENjp1z7a69Rv7qqpyZmmMYRxn-i2kiDs_A14hvHMPrm2GXM6BpeJmSku9lTSMzIT19gTD0NFLO2JGz6HYOYnxPzG17vkxsSonqWRx3XiQgOq3m893Qkn4EhD81Vk-dZqGOmtYWUOLWP0kGhR1rVQoYyyAID74VftonjGitqk8PQ",
                    "width": 3344
                }
            ],
            "place_id": "ChIJTRbYB74M1kgR5kV03-lEN-g",
            "plus_code": {
                "compound_code": "33RC+HP Gardabaer, Iceland",
                "global_code": "99PW33RC+HP"
            },
            "rating": 4.2,
            "reference": "ChIJTRbYB74M1kgR5kV03-lEN-g",
            "scope": "GOOGLE",
            "types": [
                "gas_station",
                "car_wash",
                "convenience_store",
                "cafe",
                "restaurant",
                "food",
                "point_of_interest",
                "store",
                "establishment"
            ],
            "user_ratings_total": 17,
            "vicinity": "Hafnarfjarðarvegur, Garðabær"
        },
        {
            "business_status": "OPERATIONAL",
            "geometry": {
                "location": {
                    "lat": 64.1325159,
                    "lng": -21.8670601
                },
                "viewport": {
                    "northeast": {
                        "lat": 64.13381453029152,
                        "lng": -21.8658595197085
                    },
                    "southwest": {
                        "lat": 64.1311165697085,
                        "lng": -21.8685574802915
                    }
                }
            },
            "icon": "https://maps.gstatic.com/mapfiles/place_api/icons/v1/png_71/gas_station-71.png",
            "name": "Olís Álfheimar",
            "photos": [
                {
                    "height": 1152,
                    "html_attributions": [
                        "<a href=\"https://maps.google.com/maps/contrib/112756760495772777731\">Olís Álfheimar</a>"
                    ],
                    "photo_reference": "CmRaAAAAT_bzvnPiqnLMJU4Fe8gKd7J6IMdfPSe47OahHAGRq1oYYmXkFb4Wa_FW9bF8_VLORhTMIJue179L-wAkBQt42HmMd4WntWGDreJWho5Bfuk52DQ4ji437SLoxXOHLYZTEhBuDNrBe_YqMXQr_NOcUIc6GhSwxEL3z1xBwCGuwFwtunvOuMM8wQ",
                    "width": 2048
                }
            ],
            "place_id": "ChIJrUYt-Jd01kgRvF1N7D6f96I",
            "plus_code": {
                "compound_code": "44MM+25 Reykjavík, Iceland",
                "global_code": "99PW44MM+25"
            },
            "rating": 4,
            "reference": "ChIJrUYt-Jd01kgRvF1N7D6f96I",
            "scope": "GOOGLE",
            "types": [
                "gas_station",
                "car_wash",
                "convenience_store",
                "cafe",
                "restaurant",
                "food",
                "point_of_interest",
                "store",
                "establishment"
            ],
            "user_ratings_total": 15,
            "vicinity": "Álfheimar 49, Reykjavík"
        },
        {
            "business_status": "OPERATIONAL",
            "geometry": {
                "location": {
                    "lat": 64.1102429,
                    "lng": -21.8426502
                },
                "viewport": {
                    "northeast": {
                        "lat": 64.11165293029151,
                        "lng": -21.8418021197085
                    },
                    "southwest": {
                        "lat": 64.10895496970849,
                        "lng": -21.8445000802915
                    }
                }
            },
            "icon": "https://maps.gstatic.com/mapfiles/place_api/icons/v1/png_71/gas_station-71.png",
            "name": "Olís Mjódd",
            "opening_hours": {
                "open_now": true
            },
            "photos": [
                {
                    "height": 2108,
                    "html_attributions": [
                        "<a href=\"https://maps.google.com/maps/contrib/101797178865047521636\">Kristján saevarsson</a>"
                    ],
                    "photo_reference": "CmRaAAAAPJ9tHd55V8VsSJd3FaRQVtq36fod6Wfxd6GaoYQCvC7aq7_MDARIQYalX3ap59OCPhE0LOLd2Qii-7Pb2Yc9ei5SdJsWa8gjYnxbgT85SDZoBauT_Ko1ZSkqIm31IeNLEhBmFoaVwpXB2Y8gO3SO8EdNGhTTt42ay3tKkPHDwAu7VqPfUfhCYA",
                    "width": 3759
                }
            ],
            "place_id": "ChIJIRq0bGhz1kgRbHnfTabBhZM",
            "plus_code": {
                "compound_code": "4564+3W Reykjavík, Iceland",
                "global_code": "99PW4564+3W"
            },
            "rating": 4.7,
            "reference": "ChIJIRq0bGhz1kgRbHnfTabBhZM",
            "scope": "GOOGLE",
            "types": [
                "gas_station",
                "car_wash",
                "convenience_store",
                "cafe",
                "restaurant",
                "food",
                "point_of_interest",
                "store",
                "establishment"
            ],
            "user_ratings_total": 3,
            "vicinity": "Álfabakki 2, Reykjavík"
        },
        {
            "business_status": "OPERATIONAL",
            "geometry": {
                "location": {
                    "lat": 64.1503926,
                    "lng": -21.8705097
                },
                "viewport": {
                    "northeast": {
                        "lat": 64.15184338029151,
                        "lng": -21.8696072697085
                    },
                    "southwest": {
                        "lat": 64.1491454197085,
                        "lng": -21.8723052302915
                    }
                }
            },
            "icon": "https://maps.gstatic.com/mapfiles/place_api/icons/v1/png_71/gas_station-71.png",
            "name": "Olís Sæbraut",
            "opening_hours": {
                "open_now": true
            },
            "photos": [
                {
                    "height": 3024,
                    "html_attributions": [
                        "<a href=\"https://maps.google.com/maps/contrib/107576030558851585972\">Reynir Erlingsson</a>"
                    ],
                    "photo_reference": "CmRaAAAAkru036QC1Gsya7gyNAye3ScKJ7oeCb9tj2HFf-zq36-hGR8p809-ui_onek5bmyR-xvq4eACN-lGiHAuYN96hW-48ldphOAAcFRfSn6ui5BMgR0ARSLfhrYaSOWW71YLEhCdMgu7k_cwJ4_-sByhEpHDGhQTDGz9l4NhXUz92TElhxLEuRs29Q",
                    "width": 4032
                }
            ],
            "place_id": "ChIJF4A_IOx01kgRywbGqJvbSh8",
            "plus_code": {
                "compound_code": "542H+5Q Reykjavík, Iceland",
                "global_code": "99PW542H+5Q"
            },
            "rating": 4.4,
            "reference": "ChIJF4A_IOx01kgRywbGqJvbSh8",
            "scope": "GOOGLE",
            "types": [
                "gas_station",
                "car_wash",
                "convenience_store",
                "cafe",
                "restaurant",
                "food",
                "point_of_interest",
                "store",
                "establishment"
            ],
            "user_ratings_total": 9,
            "vicinity": "Sundagarðar 2, Reykjavík"
        },
        {
            "business_status": "OPERATIONAL",
            "geometry": {
                "location": {
                    "lat": 64.1371889,
                    "lng": -21.8077587
                },
                "viewport": {
                    "northeast": {
                        "lat": 64.13848198029152,
                        "lng": -21.8064936197085
                    },
                    "southwest": {
                        "lat": 64.1357840197085,
                        "lng": -21.8091915802915
                    }
                }
            },
            "icon": "https://maps.gstatic.com/mapfiles/place_api/icons/v1/png_71/gas_station-71.png",
            "name": "Olís",
            "photos": [
                {
                    "height": 2988,
                    "html_attributions": [
                        "<a href=\"https://maps.google.com/maps/contrib/113934270221120241596\">Jhon Smith</a>"
                    ],
                    "photo_reference": "CmRaAAAAwsVROBwEf9hFBsrYVIKN8SF2n0AcLWPxRBDh__Wfn91hdaT2p6_Ts6GycPJ2IucVIegEFUfnfA5zhC_q4q0ACGcb5_VqfNIJFOAB4t3n5U4pZgilYHujp2HsPYYx5ZSWEhBUs4cSA_5FscrER7udTrC7GhQ0eBPXT7Gz4hQA9NBY4lRvAeCQRQ",
                    "width": 5312
                }
            ],
            "place_id": "ChIJaZ01jXt01kgRjkUutkltz7E",
            "plus_code": {
                "compound_code": "45PR+VV Reykjavík, Iceland",
                "global_code": "99PW45PR+VV"
            },
            "rating": 4.1,
            "reference": "ChIJaZ01jXt01kgRjkUutkltz7E",
            "scope": "GOOGLE",
            "types": [
                "gas_station",
                "car_wash",
                "convenience_store",
                "cafe",
                "restaurant",
                "food",
                "point_of_interest",
                "store",
                "establishment"
            ],
            "user_ratings_total": 16,
            "vicinity": "Fjallkonuvegur 1, Reykjavík"
        },
        {
            "business_status": "OPERATIONAL",
            "geometry": {
                "location": {
                    "lat": 64.102843,
                    "lng": -21.7663181
                },
                "viewport": {
                    "northeast": {
                        "lat": 64.1040916302915,
                        "lng": -21.7650922197085
                    },
                    "southwest": {
                        "lat": 64.10139366970849,
                        "lng": -21.7677901802915
                    }
                }
            },
            "icon": "https://maps.gstatic.com/mapfiles/place_api/icons/v1/png_71/generic_business-71.png",
            "name": "Olís",
            "opening_hours": {
                "open_now": true
            },
            "photos": [
                {
                    "height": 3024,
                    "html_attributions": [
                        "<a href=\"https://maps.google.com/maps/contrib/117030211722558838758\">Ordinary.in. Iceland</a>"
                    ],
                    "photo_reference": "CmRaAAAAySi-GcpfpA245CvOMfQly0X9EPZlNDlHzszfOO5QvSiTab0k7XeNcjCVwG6H00G9t4fi_rwNMSysA0nqGey5i33E6ozizn8ZvI_42rmX-_gibuOa5DZna9YwKpIFbHuMEhANKpJo_FGK8HqIvzzPMnb8GhSglXAGvUTpr6kCl3b_l8zF29pm5A",
                    "width": 4032
                }
            ],
            "place_id": "ChIJZxOT8qRz1kgRwFFXrQFbnUg",
            "plus_code": {
                "compound_code": "463M+4F Reykjavík, Iceland",
                "global_code": "99PW463M+4F"
            },
            "rating": 3.2,
            "reference": "ChIJZxOT8qRz1kgRwFFXrQFbnUg",
            "scope": "GOOGLE",
            "types": [
                "car_wash",
                "convenience_store",
                "cafe",
                "restaurant",
                "food",
                "point_of_interest",
                "store",
                "establishment"
            ],
            "user_ratings_total": 13,
            "vicinity": "Norðlingabraut 7, Reykjavík"
        },
        {
            "business_status": "OPERATIONAL",
            "geometry": {
                "location": {
                    "lat": 64.1657625,
                    "lng": -21.7073439
                },
                "viewport": {
                    "northeast": {
                        "lat": 64.1671758302915,
                        "lng": -21.7055774197085
                    },
                    "southwest": {
                        "lat": 64.16447786970849,
                        "lng": -21.7082753802915
                    }
                }
            },
            "icon": "https://maps.gstatic.com/mapfiles/place_api/icons/v1/png_71/gas_station-71.png",
            "name": "Olís Langitangi",
            "opening_hours": {
                "open_now": true
            },
            "photos": [
                {
                    "height": 3024,
                    "html_attributions": [
                        "<a href=\"https://maps.google.com/maps/contrib/107576030558851585972\">Reynir Erlingsson</a>"
                    ],
                    "photo_reference": "CmRaAAAACjBntV4BLPOkj5duWiUQhawTZuMKHNCJmPVUWaBIDVSNs11q_2NcObf4t0z-Pyeps_DCNZsQ2T_W2OIJpEpW7kZovBY3WFLqjeFdPp_CMf7TCmgdoVuyCByXw0iJ4gDwEhC_jWLlpbRiCidF0ggrhqmOGhQ0eQCxynXVHfiK7knA2O-aZsY_mA",
                    "width": 4032
                }
            ],
            "place_id": "ChIJSydpkb521kgRNznB42BjxpM",
            "plus_code": {
                "compound_code": "578V+83 Mosfellsbær, Iceland",
                "global_code": "99PW578V+83"
            },
            "rating": 4.4,
            "reference": "ChIJSydpkb521kgRNznB42BjxpM",
            "scope": "GOOGLE",
            "types": [
                "gas_station",
                "car_wash",
                "convenience_store",
                "cafe",
                "restaurant",
                "food",
                "point_of_interest",
                "store",
                "establishment"
            ],
            "user_ratings_total": 14,
            "vicinity": "Langitangi 1, Mosfellsbær"
        },
        {
            "business_status": "OPERATIONAL",
            "geometry": {
                "location": {
                    "lat": 64.123867,
                    "lng": -21.926514
                },
                "viewport": {
                    "northeast": {
                        "lat": 64.12537613029151,
                        "lng": -21.9255342697085
                    },
                    "southwest": {
                        "lat": 64.12267816970851,
                        "lng": -21.9282322302915
                    }
                }
            },
            "icon": "https://maps.gstatic.com/mapfiles/place_api/icons/v1/png_71/shopping-71.png",
            "name": "Háskólabúðin",
            "opening_hours": {
                "open_now": true
            },
            "photos": [
                {
                    "height": 1836,
                    "html_attributions": [
                        "<a href=\"https://maps.google.com/maps/contrib/113729120537983670015\">Warren Chin</a>"
                    ],
                    "photo_reference": "CmRaAAAAAOyJVmcwVkXzLWHH46sd4L--USL9fietivhOFKBBjFv10E-SSELMuAkiuMVxqjm4tTZzjrO3kRwlUODJw3kliQ9YoVZzskKajTreEMCUfuIx3rqc9j_6uY6E2HtxDgi0EhA7YrCA5Kgw8SC6cM6UWVoZGhR02p-jFyARXOEpOGzgJjOavD2Nlw",
                    "width": 3264
                }
            ],
            "place_id": "ChIJ878nGk4L1kgRWwVABKwLPTM",
            "plus_code": {
                "compound_code": "43FF+G9 Reykjavík, Iceland",
                "global_code": "99PW43FF+G9"
            },
            "rating": 4.3,
            "reference": "ChIJ878nGk4L1kgRWwVABKwLPTM",
            "scope": "GOOGLE",
            "types": [
                "convenience_store",
                "food",
                "point_of_interest",
                "store",
                "establishment"
            ],
            "user_ratings_total": 4,
            "vicinity": "Háskólinn í Reykjavík, Menntavegur 1, Reykjavík"
        },
        {
            "business_status": "OPERATIONAL",
            "geometry": {
                "location": {
                    "lat": 64.12394239999999,
                    "lng": -21.9249218
                },
                "viewport": {
                    "northeast": {
                        "lat": 64.1253921802915,
                        "lng": -21.9231521697085
                    },
                    "southwest": {
                        "lat": 64.12269421970849,
                        "lng": -21.9258501302915
                    }
                }
            },
            "icon": "https://maps.gstatic.com/mapfiles/place_api/icons/v1/png_71/shopping-71.png",
            "name": "Malið",
            "photos": [
                {
                    "height": 3024,
                    "html_attributions": [
                        "<a href=\"https://maps.google.com/maps/contrib/117466078053165121971\">Lev Boonin</a>"
                    ],
                    "photo_reference": "CmRaAAAA5d0Ta_qj3T-1MWpyBjNE7J3fIpcKbxRCTHdtaoB2LL7KEL80kpml82irLk0OU6KBusY7apaKnLVWZoXJpFVmxh0NjSjX8ZMtzIggFQ3K3gbpd_Dh7tgZD_XK9m9F5_qAEhBizFRDTJKYlfyFSOjZ2idHGhT1-gDLzfcS1mcsmkbJWKgTeAKFXg",
                    "width": 4032
                }
            ],
            "place_id": "ChIJQRt8ZOwL1kgRXMcB8bLTIeQ",
            "plus_code": {
                "compound_code": "43FG+H2 Reykjavík, Iceland",
                "global_code": "99PW43FG+H2"
            },
            "reference": "ChIJQRt8ZOwL1kgRXMcB8bLTIeQ",
            "scope": "GOOGLE",
            "types": [
                "convenience_store",
                "food",
                "point_of_interest",
                "store",
                "establishment"
            ],
            "vicinity": "Háskólinn í Reykjavík, Menntavegur 1, 101, Reykjavík"
        },
        {
            "business_status": "OPERATIONAL",
            "geometry": {
                "location": {
                    "lat": 64.0576505,
                    "lng": -21.5014129
                },
                "viewport": {
                    "northeast": {
                        "lat": 64.0590627802915,
                        "lng": -21.5001516697085
                    },
                    "southwest": {
                        "lat": 64.05636481970849,
                        "lng": -21.5028496302915
                    }
                }
            },
            "icon": "https://maps.gstatic.com/mapfiles/place_api/icons/v1/png_71/generic_business-71.png",
            "name": "Olís",
            "opening_hours": {
                "open_now": true
            },
            "photos": [
                {
                    "height": 2336,
                    "html_attributions": [
                        "<a href=\"https://maps.google.com/maps/contrib/104363603984541594463\">Stacja Męcina</a>"
                    ],
                    "photo_reference": "CmRaAAAAKDQhM9pc6uP1d67xYgDQvBX4aHT-z0A_9_LQvOEWf80fPXmr_-gV89WATZ-ZMhUPWY8ofhlSyMDOtIIA6xYYkeIxN7c0I1vRh-T4BYLn3uQDbZd_GbSFqJV0WOIIfe4nEhBX8l9xlU0179wuwMbbkVivGhTQIO9KwNbeu6iw24nG3iYkrreEnw",
                    "width": 4160
                }
            ],
            "place_id": "ChIJNwn5vcZv1kgR4uoo4c0vKgo",
            "plus_code": {
                "compound_code": "3F5X+3C Ölfus, Iceland",
                "global_code": "99PW3F5X+3C"
            },
            "rating": 4.3,
            "reference": "ChIJNwn5vcZv1kgR4uoo4c0vKgo",
            "scope": "GOOGLE",
            "types": [
                "car_wash",
                "convenience_store",
                "cafe",
                "restaurant",
                "food",
                "point_of_interest",
                "store",
                "establishment"
            ],
            "user_ratings_total": 10,
            "vicinity": "Hvammsvegur Sandskeið, Sveitarfélagið Ölfus"
        },
        {
            "business_status": "OPERATIONAL",
            "geometry": {
                "location": {
                    "lat": 63.9437311,
                    "lng": -21.0082356
                },
                "viewport": {
                    "northeast": {
                        "lat": 63.94503583029151,
                        "lng": -21.0070830697085
                    },
                    "southwest": {
                        "lat": 63.9423378697085,
                        "lng": -21.0097810302915
                    }
                }
            },
            "icon": "https://maps.gstatic.com/mapfiles/place_api/icons/v1/png_71/gas_station-71.png",
            "name": "Olís Selfoss",
            "photos": [
                {
                    "height": 2988,
                    "html_attributions": [
                        "<a href=\"https://maps.google.com/maps/contrib/105564731218267641291\">Carrie Chau</a>"
                    ],
                    "photo_reference": "CmRaAAAAt1R6OPc2ugPIWWJh2nww1IYeQE672WZtqU98aYwfhvyX-daT1tqp64-Aoulwp8qomrz3iNELucuLie6NA_WGwaZeeUAMbvRab9XHdEhd2PpbLxpW9CWfW3VAQ4zbiARkEhBLdFyi1RYR0WXPH3hU06EUGhRi5cEjWwbI4Kj3l046iPsvLtxxKQ",
                    "width": 5312
                }
            ],
            "place_id": "ChIJabmoONJf1kgRBPDRCx2RsUc",
            "plus_code": {
                "compound_code": "WXVR+FP Selfoss, Iceland",
                "global_code": "99MWWXVR+FP"
            },
            "rating": 4.3,
            "reference": "ChIJabmoONJf1kgRBPDRCx2RsUc",
            "scope": "GOOGLE",
            "types": [
                "gas_station",
                "car_wash",
                "convenience_store",
                "cafe",
                "restaurant",
                "food",
                "point_of_interest",
                "store",
                "establishment"
            ],
            "user_ratings_total": 71,
            "vicinity": "Arnarbergi, Selfoss"
        },
        {
            "business_status": "OPERATIONAL",
            "geometry": {
                "location": {
                    "lat": 64.1968409,
                    "lng": -19.2848425
                },
                "viewport": {
                    "northeast": {
                        "lat": 64.1983457302915,
                        "lng": -19.2835915197085
                    },
                    "southwest": {
                        "lat": 64.1956477697085,
                        "lng": -19.2862894802915
                    }
                }
            },
            "icon": "https://maps.gstatic.com/mapfiles/place_api/icons/v1/png_71/gas_station-71.png",
            "name": "Olís Hrauneyjar",
            "opening_hours": {
                "open_now": true
            },
            "photos": [
                {
                    "height": 3024,
                    "html_attributions": [
                        "<a href=\"https://maps.google.com/maps/contrib/111619857755190304767\">Filip J. Fry</a>"
                    ],
                    "photo_reference": "CmRaAAAAVrCp_7KuryMd2eZ2oqddIZ03ZFvZvCB6iTicV7L4huBxrPDwlCTORQeR0b45XXSdNM-7N-t3Ou3U6jzN7iiVLLM7oUfVaFwcQh5opGd6JJqU6HQbesOdNhM4svt3TBVzEhAEJuiYYdNqw5R2xGBpddknGhR84DNutRJ0yN6L_OlvXl8sjgNRLQ",
                    "width": 4032
                }
            ],
            "place_id": "ChIJuauouyY20UgRwxRLVlCpPG0",
            "plus_code": {
                "global_code": "9CP25PW8+P3"
            },
            "rating": 3.5,
            "reference": "ChIJuauouyY20UgRwxRLVlCpPG0",
            "scope": "GOOGLE",
            "types": [
                "gas_station",
                "convenience_store",
                "cafe",
                "restaurant",
                "food",
                "point_of_interest",
                "store",
                "establishment"
            ],
            "user_ratings_total": 8,
            "vicinity": "Sprengisandsleið, Hrunamannahreppur"
        },
        {
            "business_status": "OPERATIONAL",
            "geometry": {
                "location": {
                    "lat": 63.8349649,
                    "lng": -20.4015535
                },
                "viewport": {
                    "northeast": {
                        "lat": 63.83624783029151,
                        "lng": -20.4004148697085
                    },
                    "southwest": {
                        "lat": 63.83354986970849,
                        "lng": -20.4031128302915
                    }
                }
            },
            "icon": "https://maps.gstatic.com/mapfiles/place_api/icons/v1/png_71/generic_business-71.png",
            "name": "Olís Hella",
            "opening_hours": {
                "open_now": true
            },
            "photos": [
                {
                    "height": 2268,
                    "html_attributions": [
                        "<a href=\"https://maps.google.com/maps/contrib/105358654968948231721\">Tomek B.</a>"
                    ],
                    "photo_reference": "CmRaAAAAM5V5dXG_OmWnqIOZzW1noE0OZfYFHETM0_3oPHNOu2or0WN1PsdxoVaQIEzewyLWusTILMYWXN0vzb9VWs1D7GGgccvwPJr4CsKcAEHlAo7MjaFjG1JVnQW0yprJDoN6EhBy7CZZJLoB1CzrPUZElFNAGhRJtavOC04LK_14oH_dag-t_zuavQ",
                    "width": 4032
                }
            ],
            "place_id": "ChIJ0Y73D1Ll1kgRotb1-C8kF1M",
            "plus_code": {
                "compound_code": "RHMX+X9 Hella, Iceland",
                "global_code": "99MXRHMX+X9"
            },
            "rating": 4.1,
            "reference": "ChIJ0Y73D1Ll1kgRotb1-C8kF1M",
            "scope": "GOOGLE",
            "types": [
                "car_wash",
                "convenience_store",
                "cafe",
                "restaurant",
                "food",
                "point_of_interest",
                "store",
                "establishment"
            ],
            "user_ratings_total": 20,
            "vicinity": "Þrúðvangi 2, Hella"
        },
        {
            "business_status": "OPERATIONAL",
            "geometry": {
                "location": {
                    "lat": 63.441805,
                    "lng": -20.276794
                },
                "viewport": {
                    "northeast": {
                        "lat": 63.4432197802915,
                        "lng": -20.2753599697085
                    },
                    "southwest": {
                        "lat": 63.44052181970849,
                        "lng": -20.2780579302915
                    }
                }
            },
            "icon": "https://maps.gstatic.com/mapfiles/place_api/icons/v1/png_71/gas_station-71.png",
            "name": "Olís",
            "opening_hours": {
                "open_now": false
            },
            "photos": [
                {
                    "height": 280,
                    "html_attributions": [
                        "<a href=\"https://maps.google.com/maps/contrib/113466231195906288852\">Olís</a>"
                    ],
                    "photo_reference": "CmRaAAAAvCmAWDOPWFq90P83dFyCuhVevcZ0r38inVtLrdSpjBrs2vUUZkoQ7tnrqjovXv3nGNAP86kn0QrFSIfgzWxfv6EJvew-YD9y6EcgQ9LhwGslC_xZzujzSAmDQBcSySAREhAaJOulWhbzZw34vpWbSJq3GhRB2wMasSbUKzivSFzrtxUVHUUgVQ",
                    "width": 280
                }
            ],
            "place_id": "ChIJEWNAHscI10gRJhualJEgQlU",
            "plus_code": {
                "compound_code": "CPRF+P7 Vestmannaeyjar, Iceland",
                "global_code": "99MXCPRF+P7"
            },
            "rating": 4.3,
            "reference": "ChIJEWNAHscI10gRJhualJEgQlU",
            "scope": "GOOGLE",
            "types": [
                "gas_station",
                "car_wash",
                "convenience_store",
                "cafe",
                "restaurant",
                "food",
                "point_of_interest",
                "store",
                "establishment"
            ],
            "user_ratings_total": 4,
            "vicinity": "Græðisbraut, Vestmannaeyjar"
        },
        {
            "business_status": "OPERATIONAL",
            "geometry": {
                "location": {
                    "lat": 65.03401579999999,
                    "lng": -14.2311556
                },
                "viewport": {
                    "northeast": {
                        "lat": 65.0353441802915,
                        "lng": -14.2300232197085
                    },
                    "southwest": {
                        "lat": 65.03264621970848,
                        "lng": -14.2327211802915
                    }
                }
            },
            "icon": "https://maps.gstatic.com/mapfiles/place_api/icons/v1/png_71/gas_station-71.png",
            "name": "Olís Reyðafjörður",
            "opening_hours": {
                "open_now": true
            },
            "photos": [
                {
                    "height": 3024,
                    "html_attributions": [
                        "<a href=\"https://maps.google.com/maps/contrib/113703160412143270482\">Dieu Anh LE VU</a>"
                    ],
                    "photo_reference": "CmRaAAAA9P_wszD4U8p3yUl7IoZZUsF7V_N88xFVhLcE4T4ps70EimGJcvtJ1-S0Y3LjPl2XK1K3iGFWYf9YLqm4tJHVH4F_Hy7WsS2smDjz4uV_eoNjMXqYH_eCThjNdvZ7tGUIEhCLGbEL-dz2LIu0kfmVnMgeGhRI6tK90-VLVaecPkxtga1GqyJQHQ",
                    "width": 4032
                }
            ],
            "place_id": "ChIJdRdBcFauzkgR89vwPs_RFcA",
            "plus_code": {
                "compound_code": "2QM9+JG Reyðarfjörður, Iceland",
                "global_code": "9CQ72QM9+JG"
            },
            "rating": 4.3,
            "reference": "ChIJdRdBcFauzkgR89vwPs_RFcA",
            "scope": "GOOGLE",
            "types": [
                "gas_station",
                "convenience_store",
                "cafe",
                "restaurant",
                "food",
                "point_of_interest",
                "store",
                "establishment"
            ],
            "user_ratings_total": 21,
            "vicinity": "Stekkjarbrekka 33, Reyðarfjörður"
        },
        {
            "business_status": "OPERATIONAL",
            "geometry": {
                "location": {
                    "lat": 65.1475444,
                    "lng": -13.6947739
                },
                "viewport": {
                    "northeast": {
                        "lat": 65.1489798802915,
                        "lng": -13.6933717697085
                    },
                    "southwest": {
                        "lat": 65.1462819197085,
                        "lng": -13.6960697302915
                    }
                }
            },
            "icon": "https://maps.gstatic.com/mapfiles/place_api/icons/v1/png_71/gas_station-71.png",
            "name": "Olís Neskaupsstaður",
            "opening_hours": {
                "open_now": true
            },
            "photos": [
                {
                    "height": 3456,
                    "html_attributions": [
                        "<a href=\"https://maps.google.com/maps/contrib/113039718459894752344\">Róbert Beck</a>"
                    ],
                    "photo_reference": "CmRaAAAAv5PpbI4g-LfXezEQSg_7R5z3SgnW6KddWNQ3q0fOdem_ULyWWP_76eyZ0J3clXA1RVGONlQ_3vqfGAuDIaplbfccuaQvaJuBNKv1s_XKJYa1EdC5EJTcEGbBGntHoVBHEhAmThgR9yUzYJlABhWGDgb0GhSUjQl1bAnF-RkVSjDEPWxD_kQvFA",
                    "width": 4608
                }
            ],
            "place_id": "ChIJN3r_a0hXyUgRIeeDi43zgGs",
            "plus_code": {
                "compound_code": "48X4+23 Neskaupstadur, Iceland",
                "global_code": "9CQ848X4+23"
            },
            "rating": 4.8,
            "reference": "ChIJN3r_a0hXyUgRIeeDi43zgGs",
            "scope": "GOOGLE",
            "types": [
                "gas_station",
                "convenience_store",
                "cafe",
                "restaurant",
                "food",
                "point_of_interest",
                "store",
                "establishment"
            ],
            "user_ratings_total": 6,
            "vicinity": "Hafnarbraut 19, Fjarðabyggð"
        },
        {
            "business_status": "OPERATIONAL",
            "geometry": {
                "location": {
                    "lat": 64.2555343,
                    "lng": -15.208913
                },
                "viewport": {
                    "northeast": {
                        "lat": 64.2568117802915,
                        "lng": -15.2073316197085
                    },
                    "southwest": {
                        "lat": 64.25411381970848,
                        "lng": -15.2100295802915
                    }
                }
            },
            "icon": "https://maps.gstatic.com/mapfiles/place_api/icons/v1/png_71/gas_station-71.png",
            "name": "Olís Hornafjörður",
            "opening_hours": {
                "open_now": true
            },
            "photos": [
                {
                    "height": 1200,
                    "html_attributions": [
                        "<a href=\"https://maps.google.com/maps/contrib/103078599092779880596\">Stephan Winter</a>"
                    ],
                    "photo_reference": "CmRaAAAAMCY6ndxyiEQY_qQK_6-VXxTn5AUVhZMC3HUeAFz1h-X4g2jkd_CKBaSgZ_lvTwexJSx_ahkcQzECPGlIONefaIagFhG4cprBZP7lq4STsF4i9_nFXYng7Frss9yCayEREhCGI3ptS8qjU8nvKFeL8Nz8GhSzpSdjLbHI-rO7Jie8MKAUERUdKA",
                    "width": 1600
                }
            ],
            "place_id": "ChIJz3PdSVisz0gRwhcJwqGvqQc",
            "plus_code": {
                "compound_code": "7Q4R+6C Höfn, Iceland",
                "global_code": "9CP67Q4R+6C"
            },
            "rating": 4.1,
            "reference": "ChIJz3PdSVisz0gRwhcJwqGvqQc",
            "scope": "GOOGLE",
            "types": [
                "gas_station",
                "convenience_store",
                "cafe",
                "restaurant",
                "food",
                "point_of_interest",
                "store",
                "establishment"
            ],
            "user_ratings_total": 25,
            "vicinity": "Hafnarbraut 45, Höfn í Hornafirði"
        }
    ],
    "ids": [
        "ChIJHXN_v0VXK08R9gKFO4q6n1k",
        "ChIJI0O3vBbK0kgR4c3RVxO3jKo",
        "ChIJ7T69Ewaw1EgRWsSarTbqKBo",
        "ChIJqesZBetH00gRY0FUk5-MSEU",
        "ChIJbcWIVWIi00gRT3ktS_5QoFs",
        "ChIJG2xEzbm-0kgRmYG8l4O5gy8",
        "ChIJf3nhVWO30kgRuAzTZgnSIaY",
        "ChIJE1ZLzRJCzUgRK69-ZM0faZo",
        "ChIJFT_tBxVCzUgRShQhtG9lT3k",
        "ChIJIdSnn6eP0kgRtVd24KWPz3k",
        "ChIJVXeL26qP0kgRt6ajGB1-JQI",
        "ChIJWYlWiIwEzEgRr4evUL9kKow",
        "ChIJ4cO1n0CbKkkRKXOwr0xE_E0",
        "ChIJ4YR_fZnI1UgRBvHxGf43VdM",
        "ChIJ7Z120Um11UgRRmq0-r6IysM",
        "ChIJRQFbJprI1UgR7U8CDraxdDU",
        "ChIJpUdA5Zfd1UgRxIowHeyPqyw",
        "ChIJTc7UDyMC1kgRDpLox2G_z1A",
        "ChIJZcgcRy0L1kgRngMFMz-mIOA",
        "ChIJrbRwEiEL1kgR0MWqgHUDxu8",
        "ChIJTRbYB74M1kgR5kV03-lEN-g",
        "ChIJrUYt-Jd01kgRvF1N7D6f96I",
        "ChIJIRq0bGhz1kgRbHnfTabBhZM",
        "ChIJF4A_IOx01kgRywbGqJvbSh8",
        "ChIJaZ01jXt01kgRjkUutkltz7E",
        "ChIJZxOT8qRz1kgRwFFXrQFbnUg",
        "ChIJSydpkb521kgRNznB42BjxpM",
        "ChIJ878nGk4L1kgRWwVABKwLPTM",
        "ChIJQRt8ZOwL1kgRXMcB8bLTIeQ",
        "ChIJNwn5vcZv1kgR4uoo4c0vKgo",
        "ChIJabmoONJf1kgRBPDRCx2RsUc",
        "ChIJuauouyY20UgRwxRLVlCpPG0",
        "ChIJ0Y73D1Ll1kgRotb1-C8kF1M",
        "ChIJEWNAHscI10gRJhualJEgQlU",
        "ChIJdRdBcFauzkgR89vwPs_RFcA",
        "ChIJN3r_a0hXyUgRIeeDi43zgGs",
        "ChIJz3PdSVisz0gRwhcJwqGvqQc"
    ]
}