{
    "results": [
        {
            "business_status": "OPERATIONAL",
            "geometry": {
                "location": {
                    "lat": 63.9960166,
                    "lng": -22.6241165
                },
                "viewport": {
                    "northeast": {
                        "lat": 63.99749087989273,
                        "lng": -22.62339107010727
                    },
                    "southwest": {
                        "lat": 63.99479122010729,
                        "lng": -22.62609072989272
                    }
                }
            },
            "icon": "https://maps.gstatic.com/mapfiles/place_api/icons/v1/png_71/shopping-71.png",
            "name": "Pure Food Hall",
            "opening_hours": {
                "open_now": false
            },
            "photos": [
                {
                    "height": 2976,
                    "html_attributions": [
                        "<a href=\"https://maps.google.com/maps/contrib/102983506913259099001\">Esteban Escobar</a>"
                    ],
                    "photo_reference": "CmRaAAAA-r1ymyd5mPcc45Qj5ydrVE5kTPqReOmKQAvyrUXMG3kHYW9n5WQ9ukgJhVnrctO4nIrxxuFRoQC3hCN3tCETVRLbh-4jiZPSfCyGp00sRYSL4AqMgtkUIEPioevm-Tx9EhD1x0xm94pyozW5C70AvJ55GhS16w4lDqG0I5eUNARV64W5l7yxHA",
                    "width": 3968
                }
            ],
            "place_id": "ChIJ-aWzsuL9KUkRQA9bmCdmyrU",
            "plus_code": {
                "compound_code": "X9WG+C9 Reykjanesbær",
                "global_code": "99MVX9WG+C9"
            },
            "rating": 4.4,
            "reference": "ChIJ-aWzsuL9KUkRQA9bmCdmyrU",
            "scope": "GOOGLE",
            "types": [
                "grocery_or_supermarket",
                "restaurant",
                "food",
                "point_of_interest",
                "store",
                "establishment"
            ],
            "user_ratings_total": 10,
            "vicinity": "IGS Ground Services, Fálkavöllur 2, Reykjanesbær"
        },
        {
            "business_status": "OPERATIONAL",
            "geometry": {
                "location": {
                    "lat": 63.9945548,
                    "lng": -22.5495773
                },
                "viewport": {
                    "northeast": {
                        "lat": 63.99591637989273,
                        "lng": -22.54792297010728
                    },
                    "southwest": {
                        "lat": 63.99321672010728,
                        "lng": -22.55062262989272
                    }
                }
            },
            "icon": "https://maps.gstatic.com/mapfiles/place_api/icons/v1/png_71/restaurant-71.png",
            "name": "KFC",
            "opening_hours": {
                "open_now": false
            },
            "photos": [
                {
                    "height": 1080,
                    "html_attributions": [
                        "<a href=\"https://maps.google.com/maps/contrib/111876004133995428640\">A Google User</a>"
                    ],
                    "photo_reference": "CmRaAAAApFGkK4gEe04AIifzAXnafK5YJShCdTIAuy4WBAMEL9LqOFZKuWwjaSwrnSqZUvy2HJFRTpNnlWit7AMmjg7VVveXoy_6lRapy_qJVraFELzLYrD_ycbR6KefvuPQxxJREhBOY4IP5JJxMv2F-06rVt13GhQA9yq4XoPrePGuB58bmBJIh4kT6A",
                    "width": 1920
                }
            ],
            "place_id": "ChIJp2__gT0C1kgR56_AGq7P1uw",
            "plus_code": {
                "compound_code": "XFV2+R5 Reykjanesbær",
                "global_code": "99MVXFV2+R5"
            },
            "rating": 3.7,
            "reference": "ChIJp2__gT0C1kgR56_AGq7P1uw",
            "scope": "GOOGLE",
            "types": [
                "restaurant",
                "food",
                "point_of_interest",
                "establishment"
            ],
            "user_ratings_total": 307,
            "vicinity": "Krossmói 2, Reykjanesbær"
        },
        {
            "business_status": "OPERATIONAL",
            "geometry": {
                "location": {
                    "lat": 64.0009043,
                    "lng": -22.5478719
                },
                "viewport": {
                    "northeast": {
                        "lat": 64.00221302989272,
                        "lng": -22.54682977010728
                    },
                    "southwest": {
                        "lat": 63.99951337010728,
                        "lng": -22.54952942989272
                    }
                }
            },
            "icon": "https://maps.gstatic.com/mapfiles/place_api/icons/v1/png_71/cafe-71.png",
            "name": "Cafe Petite",
            "opening_hours": {
                "open_now": false
            },
            "photos": [
                {
                    "height": 671,
                    "html_attributions": [
                        "<a href=\"https://maps.google.com/maps/contrib/112886075330200350762\">Cafe petite</a>"
                    ],
                    "photo_reference": "CmRaAAAAX8yUn0bBL1ohnMa2JeTTyAysHv7WBe97MMssgU8DkGEUVulQDtOmyQrT7M4vSazUdbNhT9HVhiPzpAfrBJVk6SXPGltTjIlCvwwpHIZb4jENGWYiaty2efubBH52IW0wEhDrROwJj154GUbjxNE4VUH8GhQfPFo8ZL0-UiVtrO0AjjY6qRsb-g",
                    "width": 1200
                }
            ],
            "place_id": "ChIJQa3loSMC1kgRHgM63t6Rxug",
            "plus_code": {
                "compound_code": "2F22+9V Reykjanesbær",
                "global_code": "99PV2F22+9V"
            },
            "price_level": 1,
            "rating": 4.8,
            "reference": "ChIJQa3loSMC1kgRHgM63t6Rxug",
            "scope": "GOOGLE",
            "types": [
                "cafe",
                "night_club",
                "bar",
                "food",
                "point_of_interest",
                "store",
                "establishment"
            ],
            "user_ratings_total": 177,
            "vicinity": "Framnesvegur 23, Keflavík"
        },
        {
            "business_status": "OPERATIONAL",
            "geometry": {
                "location": {
                    "lat": 63.88003219999999,
                    "lng": -22.4494305
                },
                "viewport": {
                    "northeast": {
                        "lat": 63.88138202989271,
                        "lng": -22.44808067010728
                    },
                    "southwest": {
                        "lat": 63.87868237010727,
                        "lng": -22.45078032989272
                    }
                }
            },
            "icon": "https://maps.gstatic.com/mapfiles/place_api/icons/v1/png_71/restaurant-71.png",
            "name": "Lava Restaurant",
            "opening_hours": {
                "open_now": false
            },
            "photos": [
                {
                    "height": 3006,
                    "html_attributions": [
                        "<a href=\"https://maps.google.com/maps/contrib/114430813620701090120\">Artur Jensson</a>"
                    ],
                    "photo_reference": "CmRaAAAALIq_SGZn1VLnR25pDtEaAMrvSEAVzUkkFPyTcpeXPw8fYdPgKvxBGFmeSaGuq74pYm5Ioo4EQiuxS3N6S-0PHtU9gimYWVniygNWWguOin6tWs2l8j2ZI3A5eQ2fI-3WEhCNyUauRNriI_5JUUW9KMm2GhRGT_F8LoxhkVG7Gd6g0Mzbym6PIA",
                    "width": 5344
                }
            ],
            "place_id": "ChIJA9Om_3Yd1kgRPBH89qBzmbs",
            "plus_code": {
                "compound_code": "VHJ2+26 Grindavik",
                "global_code": "99MVVHJ2+26"
            },
            "price_level": 4,
            "rating": 4.5,
            "reference": "ChIJA9Om_3Yd1kgRPBH89qBzmbs",
            "scope": "GOOGLE",
            "types": [
                "restaurant",
                "food",
                "point_of_interest",
                "establishment"
            ],
            "user_ratings_total": 823,
            "vicinity": "Nordurljosavegur 9, Grindavik"
        },
        {
            "business_status": "OPERATIONAL",
            "geometry": {
                "location": {
                    "lat": 64.1544428,
                    "lng": -21.9444606
                },
                "viewport": {
                    "northeast": {
                        "lat": 64.15588567989272,
                        "lng": -21.94325527010728
                    },
                    "southwest": {
                        "lat": 64.15318602010727,
                        "lng": -21.94595492989272
                    }
                }
            },
            "icon": "https://maps.gstatic.com/mapfiles/place_api/icons/v1/png_71/restaurant-71.png",
            "name": "Grandi Mathöll",
            "opening_hours": {
                "open_now": false
            },
            "photos": [
                {
                    "height": 3000,
                    "html_attributions": [
                        "<a href=\"https://maps.google.com/maps/contrib/117924420384511630381\">Florie Pirot</a>"
                    ],
                    "photo_reference": "CmRaAAAAkH44OOcBOCFcsrI5Y2sBsmhvrwiwEZHP12ufFMzO-JVk2-Ai-c75O-FuEk31J--3jeXXFmYfS-SRPqP49B8UAocD2yVIDKzEazIjAr-oWkq8bSgMuRzzZV1pEntsDvVpEhA3jUNIB1AmhNhBctsy83yYGhRYrVfnzJzpw8S5ZbPWJo3YLHyPLQ",
                    "width": 4000
                }
            ],
            "place_id": "ChIJAQAwKCsL1kgRmuabzIemfIQ",
            "plus_code": {
                "compound_code": "5334+Q6 Reykjavík",
                "global_code": "99PW5334+Q6"
            },
            "rating": 4.6,
            "reference": "ChIJAQAwKCsL1kgRmuabzIemfIQ",
            "scope": "GOOGLE",
            "types": [
                "restaurant",
                "food",
                "point_of_interest",
                "establishment"
            ],
            "user_ratings_total": 232,
            "vicinity": "Grandagarður 16, Reykjavík"
        },
        {
            "business_status": "OPERATIONAL",
            "geometry": {
                "location": {
                    "lat": 64.126279,
                    "lng": -21.8212736
                },
                "viewport": {
                    "northeast": {
                        "lat": 64.12724602989272,
                        "lng": -21.81980927010728
                    },
                    "southwest": {
                        "lat": 64.12454637010727,
                        "lng": -21.82250892989272
                    }
                }
            },
            "icon": "https://maps.gstatic.com/mapfiles/place_api/icons/v1/png_71/restaurant-71.png",
            "name": "Mathöll Höfða",
            "opening_hours": {
                "open_now": false
            },
            "photos": [
                {
                    "height": 4032,
                    "html_attributions": [
                        "<a href=\"https://maps.google.com/maps/contrib/105189181844114925212\">Shannon Badiee</a>"
                    ],
                    "photo_reference": "CmRaAAAATebtp8HurkwYdey3HI8KA8Aj7oJNTITvNFLQaCnRfVfBLgwtQHIejtcgkhL1HhkG-0NMro_b7ZHe9-CHLDaq53smjEDMtqstMAldWyFeyeC-fCEXBpUWcdUYbuOjGVSrEhBHLkSvMiupZgcAkbQ8LbNTGhQNqzDrWiO8ffyPQKG-k0r9TfidTQ",
                    "width": 3024
                }
            ],
            "place_id": "ChIJPTgyVztz1kgRa8NWti7tG-A",
            "plus_code": {
                "compound_code": "45GH+GF Reykjavík",
                "global_code": "99PW45GH+GF"
            },
            "rating": 4.2,
            "reference": "ChIJPTgyVztz1kgRa8NWti7tG-A",
            "scope": "GOOGLE",
            "types": [
                "food",
                "point_of_interest",
                "establishment"
            ],
            "user_ratings_total": 60,
            "vicinity": "Bíldshöfði 9, Reykjavík"
        },
        {
            "business_status": "OPERATIONAL",
            "geometry": {
                "location": {
                    "lat": 64.14323220000001,
                    "lng": -21.9142895
                },
                "viewport": {
                    "northeast": {
                        "lat": 64.14458202989273,
                        "lng": -21.91293967010728
                    },
                    "southwest": {
                        "lat": 64.14188237010728,
                        "lng": -21.91563932989272
                    }
                }
            },
            "icon": "https://maps.gstatic.com/mapfiles/place_api/icons/v1/png_71/restaurant-71.png",
            "name": "Hlemmur Mathöll",
            "opening_hours": {
                "open_now": false
            },
            "photos": [
                {
                    "height": 2576,
                    "html_attributions": [
                        "<a href=\"https://maps.google.com/maps/contrib/115687456401706823564\">Miguel Casas-Sanchez</a>"
                    ],
                    "photo_reference": "CmRaAAAAskfmaFj9vDxwzFSE9PKf2bELrpLh8cNgOe82v3yIpGgAcwYeqXmZv-BNyQO71tFWt0XsPdccfj2aaAj4cFmnm2JrJy9hC6kyzuabtbtkj9v7l-VLCdq9W2qbD85G2X_VEhBTjZbgPsBMbuMyp9W9C6qYGhTp6oGKWKmM--VDuKkzatuoIi-JaA",
                    "width": 6700
                }
            ],
            "place_id": "ChIJUyPMNsl01kgRP1Xm9hHW2hM",
            "plus_code": {
                "compound_code": "43VP+77 Reykjavík",
                "global_code": "99PW43VP+77"
            },
            "price_level": 2,
            "rating": 4.6,
            "reference": "ChIJUyPMNsl01kgRP1Xm9hHW2hM",
            "scope": "GOOGLE",
            "types": [
                "restaurant",
                "food",
                "point_of_interest",
                "establishment"
            ],
            "user_ratings_total": 584,
            "vicinity": "Laugavegur 107, Reykjavík"
        },
        {
            "business_status": "OPERATIONAL",
            "geometry": {
                "location": {
                    "lat": 64.3095855,
                    "lng": -20.3018281
                },
                "viewport": {
                    "northeast": {
                        "lat": 64.31093672989273,
                        "lng": -20.30017617010727
                    },
                    "southwest": {
                        "lat": 64.30823707010728,
                        "lng": -20.30287582989272
                    }
                }
            },
            "icon": "https://maps.gstatic.com/mapfiles/place_api/icons/v1/png_71/restaurant-71.png",
            "name": "Rabbabari Mathús",
            "opening_hours": {
                "open_now": true
            },
            "place_id": "ChIJL0vw1LSj1kgR8HXxNPBi2i8",
            "plus_code": {
                "compound_code": "8M5X+R7 Bláskógabyggð",
                "global_code": "99PX8M5X+R7"
            },
            "rating": 2,
            "reference": "ChIJL0vw1LSj1kgR8HXxNPBi2i8",
            "scope": "GOOGLE",
            "types": [
                "food",
                "point_of_interest",
                "establishment"
            ],
            "user_ratings_total": 1,
            "vicinity": "Iceland"
        },
        {
            "business_status": "OPERATIONAL",
            "geometry": {
                "location": {
                    "lat": 63.9334611,
                    "lng": -21.0013832
                },
                "viewport": {
                    "northeast": {
                        "lat": 63.93481012989271,
                        "lng": -20.99994097010728
                    },
                    "southwest": {
                        "lat": 63.93211047010727,
                        "lng": -21.00264062989272
                    }
                }
            },
            "icon": "https://maps.gstatic.com/mapfiles/place_api/icons/v1/png_71/restaurant-71.png",
            "name": "Rabbabari",
            "opening_hours": {
                "open_now": false
            },
            "place_id": "ChIJhVE6NhBf1kgRLhCLrTloKfI",
            "plus_code": {
                "compound_code": "WXMX+9C Selfoss",
                "global_code": "99MWWXMX+9C"
            },
            "rating": 0,
            "reference": "ChIJhVE6NhBf1kgRLhCLrTloKfI",
            "scope": "GOOGLE",
            "types": [
                "food",
                "point_of_interest",
                "establishment"
            ],
            "user_ratings_total": 0,
            "vicinity": "Selfoss"
        },
        {
            "business_status": "OPERATIONAL",
            "geometry": {
                "location": {
                    "lat": 64.30952309999999,
                    "lng": -20.3018893
                },
                "viewport": {
                    "northeast": {
                        "lat": 64.31102897989271,
                        "lng": -20.30075512010728
                    },
                    "southwest": {
                        "lat": 64.30832932010728,
                        "lng": -20.30345477989272
                    }
                }
            },
            "icon": "https://maps.gstatic.com/mapfiles/place_api/icons/v1/png_71/restaurant-71.png",
            "name": "Geysir Center",
            "photos": [
                {
                    "height": 3000,
                    "html_attributions": [
                        "<a href=\"https://maps.google.com/maps/contrib/115370632670653313878\">Patrick Dine</a>"
                    ],
                    "photo_reference": "CmRaAAAAvKGDUJlN2ry5LKRkJ56pZnHcqJXGixyBPamu7WoKZhmHM0c1CLw68dawE6VcZ8B37fBL93PyTMfEffSp2xsggI1g5s3xsy50l7XVGkNKAZENCw9Ka1gj_16Im5a4Q1iNEhBKICqQhzL1_VGxKiugY9WjGhQtJW3vdbrUjcsgzWDEXUy81z8QQw",
                    "width": 5333
                }
            ],
            "place_id": "ChIJ9evHD5-j1kgRfzq7u9ie1uk",
            "plus_code": {
                "compound_code": "8M5X+R6 Bláskógabyggð",
                "global_code": "99PX8M5X+R6"
            },
            "price_level": 3,
            "rating": 4.3,
            "reference": "ChIJ9evHD5-j1kgRfzq7u9ie1uk",
            "scope": "GOOGLE",
            "types": [
                "restaurant",
                "food",
                "point_of_interest",
                "establishment"
            ],
            "user_ratings_total": 2796,
            "vicinity": "Haukadalur, 35"
        },
        {
            "business_status": "OPERATIONAL",
            "geometry": {
                "location": {
                    "lat": 64.31012489999999,
                    "lng": -20.2995493
                },
                "viewport": {
                    "northeast": {
                        "lat": 64.31165632989271,
                        "lng": -20.29860377010728
                    },
                    "southwest": {
                        "lat": 64.30895667010728,
                        "lng": -20.30130342989272
                    }
                }
            },
            "icon": "https://maps.gstatic.com/mapfiles/place_api/icons/v1/png_71/restaurant-71.png",
            "name": "Hotel Restaurant Geysir",
            "photos": [
                {
                    "height": 4032,
                    "html_attributions": [
                        "<a href=\"https://maps.google.com/maps/contrib/117641676344290632556\">Walter G</a>"
                    ],
                    "photo_reference": "CmRaAAAA8JH2n59sDRzV48PTPdRuBNzTH8oKWAaDaxEf84h9jM33Dc2-3grfaOGQSdy6YeVtfzx0V9ADfbBywBx7lfBbYIlJQBWaS8sd9jmtNvNyt15YUg8fK8BkG3rbvHx9FW3bEhDjmRTXVQSH73pRFZ90ZzSJGhQYYKEIcsznCkEUNSp8HkOfvGxdTg",
                    "width": 1960
                }
            ],
            "place_id": "ChIJ_UPGD5-j1kgRXuw8cR6Vtxk",
            "plus_code": {
                "compound_code": "8P62+25 Bláskógabyggð",
                "global_code": "99PX8P62+25"
            },
            "rating": 4.5,
            "reference": "ChIJ_UPGD5-j1kgRXuw8cR6Vtxk",
            "scope": "GOOGLE",
            "types": [
                "restaurant",
                "food",
                "point_of_interest",
                "establishment"
            ],
            "user_ratings_total": 98,
            "vicinity": "35"
        },
        {
            "business_status": "OPERATIONAL",
            "geometry": {
                "location": {
                    "lat": 64.13180129999999,
                    "lng": -20.3237092
                },
                "viewport": {
                    "northeast": {
                        "lat": 64.13324472989272,
                        "lng": -20.32180252010728
                    },
                    "southwest": {
                        "lat": 64.13054507010727,
                        "lng": -20.32450217989272
                    }
                }
            },
            "icon": "https://maps.gstatic.com/mapfiles/place_api/icons/v1/png_71/restaurant-71.png",
            "name": "Restaurant Hótel Flúðir",
            "photos": [
                {
                    "height": 3024,
                    "html_attributions": [
                        "<a href=\"https://maps.google.com/maps/contrib/105144306362488821231\">Pol Mauri</a>"
                    ],
                    "photo_reference": "CmRaAAAA1T7cIbq97gdns-1nxRJ-B7v5S6Kep5WU_y7Z75WD3PFjlidPwzJJGKe_cRDW8AVjyJMBBz1ghfA_P9fu0rsu08eGBplbqhf7Onra_lqyRNttX6O2DAjBRsRB9SXafzJdEhDEmo_bXEN37ZLAfbYuZQ1KGhSPhuO1flfNllSOT7LSPpr9e2yEqw",
                    "width": 4032
                }
            ],
            "place_id": "ChIJRzDb5-yV1kgRbJ3wiA2a-bE",
            "plus_code": {
                "compound_code": "4MJG+PG Flúðir",
                "global_code": "99PX4MJG+PG"
            },
            "rating": 4.1,
            "reference": "ChIJRzDb5-yV1kgRbJ3wiA2a-bE",
            "scope": "GOOGLE",
            "types": [
                "restaurant",
                "food",
                "point_of_interest",
                "establishment"
            ],
            "user_ratings_total": 14,
            "vicinity": "Skeiða- og Hrunamannavegur, Flúðir"
        },
        {
            "business_status": "CLOSED_TEMPORARILY",
            "geometry": {
                "location": {
                    "lat": 64.3085933,
                    "lng": -20.3035802
                },
                "viewport": {
                    "northeast": {
                        "lat": 64.31030822989273,
                        "lng": -20.30268442010728
                    },
                    "southwest": {
                        "lat": 64.30760857010728,
                        "lng": -20.30538407989272
                    }
                }
            },
            "icon": "https://maps.gstatic.com/mapfiles/place_api/icons/v1/png_71/restaurant-71.png",
            "name": "Supa Geysir",
            "permanently_closed": true,
            "photos": [
                {
                    "height": 1080,
                    "html_attributions": [
                        "<a href=\"https://maps.google.com/maps/contrib/105192075212734334398\">Hodei Orueta</a>"
                    ],
                    "photo_reference": "CmRaAAAA52mxA66aBqciVgmxCEGg2z3NdfzsjN40FfnTq4rKEqTV3zejfr4BjhDtKrQNArF-M2M6Bcnl9lclLSnwNXFdOOjVx3OJGGJMDB_G5OpcZ27sW3YdLkfUX_Hk5zlDoIIPEhCclomxpkcUXqg0YQpabzZ6GhRiammpFLhu-A1kxFzB1ksKFS57iQ",
                    "width": 1920
                }
            ],
            "place_id": "ChIJ1yCF7-yj1kgRClW3I8obWTY",
            "plus_code": {
                "compound_code": "8M5W+CH Bláskógabyggð",
                "global_code": "99PX8M5W+CH"
            },
            "rating": 4.2,
            "reference": "ChIJ1yCF7-yj1kgRClW3I8obWTY",
            "scope": "GOOGLE",
            "types": [
                "restaurant",
                "food",
                "point_of_interest",
                "establishment"
            ],
            "user_ratings_total": 57,
            "vicinity": "Geysir Haukadalur, Selfoss"
        },
        {
            "business_status": "OPERATIONAL",
            "geometry": {
                "location": {
                    "lat": 63.93683279999999,
                    "lng": -20.9883371
                },
                "viewport": {
                    "northeast": {
                        "lat": 63.93831537989272,
                        "lng": -20.98697932010728
                    },
                    "southwest": {
                        "lat": 63.93561572010728,
                        "lng": -20.98967897989272
                    }
                }
            },
            "icon": "https://maps.gstatic.com/mapfiles/place_api/icons/v1/png_71/restaurant-71.png",
            "name": "KFC",
            "opening_hours": {
                "open_now": false
            },
            "photos": [
                {
                    "height": 3000,
                    "html_attributions": [
                        "<a href=\"https://maps.google.com/maps/contrib/104847951651159692839\">Hana Kobzová</a>"
                    ],
                    "photo_reference": "CmRaAAAAZ_SUAoROdKs1graGlw_GekKxBAJQwLXtBmoVmx7zKTZOPkn18ZZ_ZBka4lGqDhna1oyL2cfZLNcIqb80-d01dPF47dEFT4vrY5P1EJE8Iski3jMKVgx-MqdHfjKpQ5giEhAM1dn_4TIiOo6Kkqhr4qs-GhSZ6Drjlyx_zogp4J3D7e2_BgiOjA",
                    "width": 4000
                }
            ],
            "place_id": "ChIJPVSQlchf1kgRfBpXccv6p4M",
            "plus_code": {
                "compound_code": "W2P6+PM Selfoss",
                "global_code": "99MXW2P6+PM"
            },
            "rating": 3.7,
            "reference": "ChIJPVSQlchf1kgRfBpXccv6p4M",
            "scope": "GOOGLE",
            "types": [
                "restaurant",
                "food",
                "point_of_interest",
                "establishment"
            ],
            "user_ratings_total": 412,
            "vicinity": "Austurvegur 46, Selfoss"
        }
    ],
    "ids": [
        "ChIJ-aWzsuL9KUkRQA9bmCdmyrU",
        "ChIJp2__gT0C1kgR56_AGq7P1uw",
        "ChIJQa3loSMC1kgRHgM63t6Rxug",
        "ChIJA9Om_3Yd1kgRPBH89qBzmbs",
        "ChIJAQAwKCsL1kgRmuabzIemfIQ",
        "ChIJPTgyVztz1kgRa8NWti7tG-A",
        "ChIJUyPMNsl01kgRP1Xm9hHW2hM",
        "ChIJL0vw1LSj1kgR8HXxNPBi2i8",
        "ChIJhVE6NhBf1kgRLhCLrTloKfI",
        "ChIJ9evHD5-j1kgRfzq7u9ie1uk",
        "ChIJ_UPGD5-j1kgRXuw8cR6Vtxk",
        "ChIJRzDb5-yV1kgRbJ3wiA2a-bE",
        "ChIJ1yCF7-yj1kgRClW3I8obWTY",
        "ChIJPVSQlchf1kgRfBpXccv6p4M"
    ]
}