{
    "results": [
        {
            "business_status": "OPERATIONAL",
            "geometry": {
                "location": {
                    "lat": 64.1544428,
                    "lng": -21.9444606
                },
                "viewport": {
                    "northeast": {
                        "lat": 64.15588567989272,
                        "lng": -21.94325527010728
                    },
                    "southwest": {
                        "lat": 64.15318602010727,
                        "lng": -21.94595492989272
                    }
                }
            },
            "icon": "https://maps.gstatic.com/mapfiles/place_api/icons/v1/png_71/restaurant-71.png",
            "name": "Grandi Mathöll",
            "opening_hours": {
                "open_now": false
            },
            "photos": [
                {
                    "height": 3024,
                    "html_attributions": [
                        "<a href=\"https://maps.google.com/maps/contrib/104771369170657206207\">Joey Paysinger</a>"
                    ],
                    "photo_reference": "CmRaAAAA0ZmRv9yMc4YADgFs8HTXYNzcIlx3b3iixAIOQSZ9qWiDNNLTzkeTIR_wqH-mf-teomx0nUMfa6L-p2xn_5SzKFLSL3FUWixkERByHCVdGepp5k4LFzLn6D6GX344FTQ2EhDfulq0h-C8BUpvc67w5j4OGhTB8h_q5nnpn9FNFI8sYfkV1LI6IA",
                    "width": 4032
                }
            ],
            "place_id": "ChIJAQAwKCsL1kgRmuabzIemfIQ",
            "plus_code": {
                "compound_code": "5334+Q6 Reykjavík",
                "global_code": "99PW5334+Q6"
            },
            "rating": 4.6,
            "reference": "ChIJAQAwKCsL1kgRmuabzIemfIQ",
            "scope": "GOOGLE",
            "types": [
                "restaurant",
                "food",
                "point_of_interest",
                "establishment"
            ],
            "user_ratings_total": 232,
            "vicinity": "Grandagarður 16, Reykjavík"
        },
        {
            "business_status": "OPERATIONAL",
            "geometry": {
                "location": {
                    "lat": 64.14323220000001,
                    "lng": -21.9142895
                },
                "viewport": {
                    "northeast": {
                        "lat": 64.14458202989273,
                        "lng": -21.91293967010728
                    },
                    "southwest": {
                        "lat": 64.14188237010728,
                        "lng": -21.91563932989272
                    }
                }
            },
            "icon": "https://maps.gstatic.com/mapfiles/place_api/icons/v1/png_71/restaurant-71.png",
            "name": "Hlemmur Mathöll",
            "opening_hours": {
                "open_now": false
            },
            "photos": [
                {
                    "height": 3024,
                    "html_attributions": [
                        "<a href=\"https://maps.google.com/maps/contrib/117253046154837933990\">Karthik Subramaniam</a>"
                    ],
                    "photo_reference": "CmRaAAAApAHxwefCX3Ggw5Ckhu-DpIe0eW5In-SpnBhKeKv5sTKjw8lE_FZQIZZuBm8mDHhJR6BwWHc3qmSj7JCLdSoqP0IuWHJeY94vAEt8L33_oU8a94-_DiI1QALYlTfhD6qYEhArTJJ--1H8F8ctc1LuTUYRGhSOBFrcMSECsFBDhOA2ufAuS38dcg",
                    "width": 4032
                }
            ],
            "place_id": "ChIJUyPMNsl01kgRP1Xm9hHW2hM",
            "plus_code": {
                "compound_code": "43VP+77 Reykjavík",
                "global_code": "99PW43VP+77"
            },
            "price_level": 2,
            "rating": 4.6,
            "reference": "ChIJUyPMNsl01kgRP1Xm9hHW2hM",
            "scope": "GOOGLE",
            "types": [
                "restaurant",
                "food",
                "point_of_interest",
                "establishment"
            ],
            "user_ratings_total": 584,
            "vicinity": "Laugavegur 107, Reykjavík"
        },
        {
            "business_status": "OPERATIONAL",
            "geometry": {
                "location": {
                    "lat": 64.14439209999999,
                    "lng": -21.9095837
                },
                "viewport": {
                    "northeast": {
                        "lat": 64.1457295298927,
                        "lng": -21.90859447010727
                    },
                    "southwest": {
                        "lat": 64.14302987010727,
                        "lng": -21.91129412989272
                    }
                }
            },
            "icon": "https://maps.gstatic.com/mapfiles/place_api/icons/v1/png_71/lodging-71.png",
            "name": "Fosshótel Reykjavík",
            "opening_hours": {
                "open_now": true
            },
            "photos": [
                {
                    "height": 3744,
                    "html_attributions": [
                        "<a href=\"https://maps.google.com/maps/contrib/106509437835127379426\">Fosshotel Reykjavik</a>"
                    ],
                    "photo_reference": "CmRaAAAAN99P0HvnBS_Lz3UMfAJpqjgOT55DbxUrO2jIf3uZPgNBFTlnXcp0Vbx6bU2zLP5Gv-tYPgH2x7sFlr7BWVpk9TmY7HxOG5SJ5rdAPgKdom-DZ52hfYV4XhaL2KVnq35UEhBjJVkk-IfY_emHQuVWcf8zGhSNNCSH6cV3YQipyvnx4Er1ppaxqQ",
                    "width": 5616
                }
            ],
            "place_id": "ChIJJwAAU8901kgRlbv1oUt42bI",
            "plus_code": {
                "compound_code": "43VR+Q5 Reykjavík",
                "global_code": "99PW43VR+Q5"
            },
            "rating": 4.4,
            "reference": "ChIJJwAAU8901kgRlbv1oUt42bI",
            "scope": "GOOGLE",
            "types": [
                "lodging",
                "bar",
                "restaurant",
                "food",
                "point_of_interest",
                "establishment"
            ],
            "user_ratings_total": 1209,
            "vicinity": "Þórunnartún 1, Reykjavík"
        },
        {
            "business_status": "OPERATIONAL",
            "geometry": {
                "location": {
                    "lat": 64.126279,
                    "lng": -21.8212736
                },
                "viewport": {
                    "northeast": {
                        "lat": 64.12724602989272,
                        "lng": -21.81980927010728
                    },
                    "southwest": {
                        "lat": 64.12454637010727,
                        "lng": -21.82250892989272
                    }
                }
            },
            "icon": "https://maps.gstatic.com/mapfiles/place_api/icons/v1/png_71/restaurant-71.png",
            "name": "Mathöll Höfða",
            "opening_hours": {
                "open_now": false
            },
            "photos": [
                {
                    "height": 4032,
                    "html_attributions": [
                        "<a href=\"https://maps.google.com/maps/contrib/105189181844114925212\">Shannon Badiee</a>"
                    ],
                    "photo_reference": "CmRaAAAA-2_fyYncfwZka3lA_kS-bEPbHNhtGeZ-Y2MzRBs42jUxBRdsnpq2XPAunSa-2A_-bJlyUW5IGaXP7mHQoelW5FYnh1ffefFthrnGgtkOf91NrdoddJeB60ryAaUYlpXIEhDojApn91fGhWsd0bb9YiwaGhSMjugl5PmOlf8no0IDj1li5FtpQQ",
                    "width": 3024
                }
            ],
            "place_id": "ChIJPTgyVztz1kgRa8NWti7tG-A",
            "plus_code": {
                "compound_code": "45GH+GF Reykjavík",
                "global_code": "99PW45GH+GF"
            },
            "rating": 4.2,
            "reference": "ChIJPTgyVztz1kgRa8NWti7tG-A",
            "scope": "GOOGLE",
            "types": [
                "food",
                "point_of_interest",
                "establishment"
            ],
            "user_ratings_total": 60,
            "vicinity": "Bíldshöfði 9, Reykjavík"
        },
        {
            "business_status": "OPERATIONAL",
            "geometry": {
                "location": {
                    "lat": 64.074654,
                    "lng": -21.919139
                },
                "viewport": {
                    "northeast": {
                        "lat": 64.07624092989272,
                        "lng": -21.91783257010728
                    },
                    "southwest": {
                        "lat": 64.07354127010727,
                        "lng": -21.92053222989272
                    }
                }
            },
            "icon": "https://maps.gstatic.com/mapfiles/place_api/icons/v1/png_71/shopping-71.png",
            "name": "IKEA",
            "opening_hours": {
                "open_now": false
            },
            "photos": [
                {
                    "height": 600,
                    "html_attributions": [
                        "<a href=\"https://maps.google.com/maps/contrib/103301541406480210071\">IKEA</a>"
                    ],
                    "photo_reference": "CmRaAAAA9e9UhJl28o2NPNmX2e8yLZrBUVsAEh-cXdaVcV_h68wI3emRMR2zknRXGXhs9jYE4ulFArfyPEpjH5uWxdalIrMSCOfvmvnOGRkkQeLKFaRIx0kl9VoeRMsbRqsNX3HpEhBv9wfcn7GstOV8ehwahKs7GhSBwKK6Nal-skmjKMiiB7E4gF7ouA",
                    "width": 900
                }
            ],
            "place_id": "ChIJyyAk7-cM1kgR6RAhWNgdKu4",
            "plus_code": {
                "compound_code": "33FJ+V8 Gardabaer",
                "global_code": "99PW33FJ+V8"
            },
            "rating": 4.4,
            "reference": "ChIJyyAk7-cM1kgR6RAhWNgdKu4",
            "scope": "GOOGLE",
            "types": [
                "furniture_store",
                "home_goods_store",
                "restaurant",
                "food",
                "point_of_interest",
                "store",
                "establishment"
            ],
            "user_ratings_total": 1096,
            "vicinity": "Kauptún 4, Gardabaer"
        },
        {
            "business_status": "OPERATIONAL",
            "geometry": {
                "location": {
                    "lat": 64.130077,
                    "lng": -21.8947219
                },
                "viewport": {
                    "northeast": {
                        "lat": 64.13131867989273,
                        "lng": -21.89252935
                    },
                    "southwest": {
                        "lat": 64.12861902010728,
                        "lng": -21.89545275
                    }
                }
            },
            "icon": "https://maps.gstatic.com/mapfiles/place_api/icons/v1/png_71/restaurant-71.png",
            "name": "Sbarro",
            "opening_hours": {
                "open_now": false
            },
            "photos": [
                {
                    "height": 2992,
                    "html_attributions": [
                        "<a href=\"https://maps.google.com/maps/contrib/109568990668751009498\">Ólafur Jón Jónsson</a>"
                    ],
                    "photo_reference": "CmRaAAAAGhzVzUgRwk6QkNLEG4y67w11ArtsHZsQAy-SSfvLULx6TzQBonIiM3d2UmF8dJdymgEk_YDDhi4FYsHBBqoWGIjwf3QnAirccK21dV8lIOUsF1eQz6jM8lQSUV92O4PPEhD9KIoWUxwRhSP5oclgN8vSGhSmhNmofAQu_1Y3by1LLWuSY_vbTA",
                    "width": 4000
                }
            ],
            "place_id": "ChIJDWd4abB01kgRVa9ciZrCh1U",
            "plus_code": {
                "compound_code": "44J4+24 Reykjavík",
                "global_code": "99PW44J4+24"
            },
            "rating": 4.4,
            "reference": "ChIJDWd4abB01kgRVa9ciZrCh1U",
            "scope": "GOOGLE",
            "types": [
                "restaurant",
                "food",
                "point_of_interest",
                "establishment"
            ],
            "user_ratings_total": 8,
            "vicinity": "Kringlan Kringlunni 4-12, Reykjavík"
        },
        {
            "business_status": "OPERATIONAL",
            "geometry": {
                "location": {
                    "lat": 64.12889799999999,
                    "lng": -21.865673
                },
                "viewport": {
                    "northeast": {
                        "lat": 64.13021772989272,
                        "lng": -21.86410907010728
                    },
                    "southwest": {
                        "lat": 64.12751807010727,
                        "lng": -21.86680872989272
                    }
                }
            },
            "icon": "https://maps.gstatic.com/mapfiles/place_api/icons/v1/png_71/shopping-71.png",
            "name": "66°North",
            "opening_hours": {
                "open_now": false
            },
            "photos": [
                {
                    "height": 4000,
                    "html_attributions": [
                        "<a href=\"https://maps.google.com/maps/contrib/110381611411549664360\">A Google User</a>"
                    ],
                    "photo_reference": "CmRaAAAAkJCpzlSFqNBXBpBWduqKuTUwhAIG1i1sGM4h8o5SgRY2zA8s-cXzl-1AFQD38xy_nOjhHNEaQhkrS-vxKTrtICShlK_lY8UQR1thpAnCiDaYnAB1fCry--ihafUMYXq6EhDfo-XUKRql2wzdHb4e1crcGhSfb94EVfBn7YjqYakPDOVP0YYKpA",
                    "width": 6000
                }
            ],
            "place_id": "ChIJQYyMf_d11kgRQOPNGJiB0MY",
            "plus_code": {
                "compound_code": "44HM+HP Reykjavík",
                "global_code": "99PW44HM+HP"
            },
            "rating": 4.1,
            "reference": "ChIJQYyMf_d11kgRQOPNGJiB0MY",
            "scope": "GOOGLE",
            "types": [
                "clothing_store",
                "point_of_interest",
                "store",
                "establishment"
            ],
            "user_ratings_total": 201,
            "vicinity": "Faxafen 12, Reykjavík"
        },
        {
            "business_status": "OPERATIONAL",
            "geometry": {
                "location": {
                    "lat": 64.1141909,
                    "lng": -21.8931205
                },
                "viewport": {
                    "northeast": {
                        "lat": 64.11554072989273,
                        "lng": -21.89177067010728
                    },
                    "southwest": {
                        "lat": 64.11284107010728,
                        "lng": -21.89447032989272
                    }
                }
            },
            "icon": "https://maps.gstatic.com/mapfiles/place_api/icons/v1/png_71/shopping-71.png",
            "name": "City market",
            "opening_hours": {
                "open_now": false
            },
            "photos": [
                {
                    "height": 4032,
                    "html_attributions": [
                        "<a href=\"https://maps.google.com/maps/contrib/117487646707167312887\">A Google User</a>"
                    ],
                    "photo_reference": "CmRaAAAA-AmKs4XxC4Wiah-KgJBL9Wko-Cz1LlR7t5tI7YWeQ-aVslHKHD2lMqkigPKrrKpxOL6ni-H9Exqe28fe1w2cT0b7iuLsBniox0chCylRKddUmBOIHlwtiK_fhFBnGmF3EhAMa4F8XXpoO9NK3TlG46zvGhTF0e_blS1Ier-BAS-LjJKgexl08A",
                    "width": 3024
                }
            ],
            "place_id": "ChIJs5aAplpz1kgRZjlbatrVzfo",
            "plus_code": {
                "compound_code": "4474+MQ Kópavogur",
                "global_code": "99PW4474+MQ"
            },
            "rating": 0,
            "reference": "ChIJs5aAplpz1kgRZjlbatrVzfo",
            "scope": "GOOGLE",
            "types": [
                "grocery_or_supermarket",
                "food",
                "point_of_interest",
                "store",
                "establishment"
            ],
            "user_ratings_total": 0,
            "vicinity": "Nýbýlavegur 14 200, Kópavogur"
        },
        {
            "business_status": "OPERATIONAL",
            "geometry": {
                "location": {
                    "lat": 64.10103300000002,
                    "lng": -21.88346
                },
                "viewport": {
                    "northeast": {
                        "lat": 64.10218797989272,
                        "lng": -21.88248162010728
                    },
                    "southwest": {
                        "lat": 64.09948832010727,
                        "lng": -21.88518127989272
                    }
                }
            },
            "icon": "https://maps.gstatic.com/mapfiles/place_api/icons/v1/png_71/restaurant-71.png",
            "name": "Sbarro",
            "photos": [
                {
                    "height": 1192,
                    "html_attributions": [
                        "<a href=\"https://maps.google.com/maps/contrib/108475428384059317402\">Sbarro</a>"
                    ],
                    "photo_reference": "CmRaAAAAaVyl4vf0thZyVhKMgzfvJXQG1pbxw8JSJVvitfwMOGSaVs1acbB8tBMY1RTwcYf3aQxLe-47VgOTfEfrHplyiPpRZNWBkYxrAzZcCcbPNOSbOoLpnUQOiEXNdFstjrp1EhD1AvFJ548COIaHGtzaJpVTGhSOzp5Z7L6CRMrfoQRUh3zCAegOVw",
                    "width": 2120
                }
            ],
            "place_id": "ChIJn9l95Uxz1kgRVvDovvO3uvs",
            "plus_code": {
                "compound_code": "4428+CJ Kópavogur",
                "global_code": "99PW4428+CJ"
            },
            "rating": 3,
            "reference": "ChIJn9l95Uxz1kgRVvDovvO3uvs",
            "scope": "GOOGLE",
            "types": [
                "restaurant",
                "food",
                "point_of_interest",
                "establishment"
            ],
            "user_ratings_total": 13,
            "vicinity": "Smáralind, Hagasmári 1, Kópavogur"
        },
        {
            "business_status": "OPERATIONAL",
            "geometry": {
                "location": {
                    "lat": 64.6653527,
                    "lng": -21.2909577
                },
                "viewport": {
                    "northeast": {
                        "lat": 64.66668187989272,
                        "lng": -21.28990727010728
                    },
                    "southwest": {
                        "lat": 64.66398222010727,
                        "lng": -21.29260692989272
                    }
                }
            },
            "icon": "https://maps.gstatic.com/mapfiles/place_api/icons/v1/png_71/lodging-71.png",
            "name": "Fosshotel Reykholt",
            "photos": [
                {
                    "height": 2448,
                    "html_attributions": [
                        "<a href=\"https://maps.google.com/maps/contrib/111939437813818614073\">Michael K.</a>"
                    ],
                    "photo_reference": "CmRaAAAAESWPfzUAs-j2-XJmX-kVZrfzwd4NwFQsBlHvtaffJ1-r-IaJ3aIJrM5Vo5-fpRQiWuV5FFoelntjWb0LM9VzkkQRVmb4cmm0H23DcDtmjHOpJO1PfnXaS11LlZkFrTqgEhAJL4ayBtNOJ4l6mrVOm2OGGhS7_TC1X9XGZSy4ivMlzA3C0ggEWw",
                    "width": 3264
                }
            ],
            "place_id": "ChIJI1VUma831EgRPWxdGmEGIdk",
            "plus_code": {
                "compound_code": "MP85+4J Reykholt",
                "global_code": "99PWMP85+4J"
            },
            "rating": 4.4,
            "reference": "ChIJI1VUma831EgRPWxdGmEGIdk",
            "scope": "GOOGLE",
            "types": [
                "lodging",
                "restaurant",
                "food",
                "point_of_interest",
                "establishment"
            ],
            "user_ratings_total": 233,
            "vicinity": "hálsasveitavegur, Reykholt"
        },
        {
            "business_status": "OPERATIONAL",
            "geometry": {
                "location": {
                    "lat": 64.3095855,
                    "lng": -20.3018281
                },
                "viewport": {
                    "northeast": {
                        "lat": 64.31093672989273,
                        "lng": -20.30017617010727
                    },
                    "southwest": {
                        "lat": 64.30823707010728,
                        "lng": -20.30287582989272
                    }
                }
            },
            "icon": "https://maps.gstatic.com/mapfiles/place_api/icons/v1/png_71/restaurant-71.png",
            "name": "Rabbabari Mathús",
            "opening_hours": {
                "open_now": true
            },
            "place_id": "ChIJL0vw1LSj1kgR8HXxNPBi2i8",
            "plus_code": {
                "compound_code": "8M5X+R7 Bláskógabyggð",
                "global_code": "99PX8M5X+R7"
            },
            "rating": 2,
            "reference": "ChIJL0vw1LSj1kgR8HXxNPBi2i8",
            "scope": "GOOGLE",
            "types": [
                "food",
                "point_of_interest",
                "establishment"
            ],
            "user_ratings_total": 1,
            "vicinity": "Iceland"
        },
        {
            "business_status": "OPERATIONAL",
            "geometry": {
                "location": {
                    "lat": 63.9334611,
                    "lng": -21.0013832
                },
                "viewport": {
                    "northeast": {
                        "lat": 63.93481012989271,
                        "lng": -20.99994097010728
                    },
                    "southwest": {
                        "lat": 63.93211047010727,
                        "lng": -21.00264062989272
                    }
                }
            },
            "icon": "https://maps.gstatic.com/mapfiles/place_api/icons/v1/png_71/restaurant-71.png",
            "name": "Rabbabari",
            "opening_hours": {
                "open_now": false
            },
            "place_id": "ChIJhVE6NhBf1kgRLhCLrTloKfI",
            "plus_code": {
                "compound_code": "WXMX+9C Selfoss",
                "global_code": "99MWWXMX+9C"
            },
            "rating": 0,
            "reference": "ChIJhVE6NhBf1kgRLhCLrTloKfI",
            "scope": "GOOGLE",
            "types": [
                "food",
                "point_of_interest",
                "establishment"
            ],
            "user_ratings_total": 0,
            "vicinity": "Selfoss"
        },
        {
            "business_status": "OPERATIONAL",
            "geometry": {
                "location": {
                    "lat": 63.93683279999999,
                    "lng": -20.9883371
                },
                "viewport": {
                    "northeast": {
                        "lat": 63.93831537989272,
                        "lng": -20.98697932010728
                    },
                    "southwest": {
                        "lat": 63.93561572010728,
                        "lng": -20.98967897989272
                    }
                }
            },
            "icon": "https://maps.gstatic.com/mapfiles/place_api/icons/v1/png_71/restaurant-71.png",
            "name": "KFC",
            "opening_hours": {
                "open_now": false
            },
            "photos": [
                {
                    "height": 4032,
                    "html_attributions": [
                        "<a href=\"https://maps.google.com/maps/contrib/104424886596905687787\">Gudrun Sigurdardottir</a>"
                    ],
                    "photo_reference": "CmRaAAAAXN2VthGZwzvjYJ5onzRPDqIqcN33AVlu8dUTJmFSxfFRlM3NBMGY-_z7cdp9EsxVdjnZT4BaGWNfBCLD8misT1barxtePz3IuOLSNWV0SMRfmdazRjdwD3_BeI6nrZjYEhAo-t2Z_wKHrY-7-oDnQYUBGhSB9eCzb1z0CN5mPa3ylxRq1tyx8g",
                    "width": 3024
                }
            ],
            "place_id": "ChIJPVSQlchf1kgRfBpXccv6p4M",
            "plus_code": {
                "compound_code": "W2P6+PM Selfoss",
                "global_code": "99MXW2P6+PM"
            },
            "rating": 3.7,
            "reference": "ChIJPVSQlchf1kgRfBpXccv6p4M",
            "scope": "GOOGLE",
            "types": [
                "restaurant",
                "food",
                "point_of_interest",
                "establishment"
            ],
            "user_ratings_total": 412,
            "vicinity": "Austurvegur 46, Selfoss"
        },
        {
            "business_status": "OPERATIONAL",
            "geometry": {
                "location": {
                    "lat": 63.469728,
                    "lng": -19.4497338
                },
                "viewport": {
                    "northeast": {
                        "lat": 63.47107782989272,
                        "lng": -19.44838397010728
                    },
                    "southwest": {
                        "lat": 63.46837817010728,
                        "lng": -19.45108362989272
                    }
                }
            },
            "icon": "https://maps.gstatic.com/mapfiles/place_api/icons/v1/png_71/cafe-71.png",
            "name": "Cafe coffee day",
            "place_id": "ChIJMT4_KKY510gRJtS798SYSwM",
            "plus_code": {
                "compound_code": "",
                "global_code": "9CM2FH92+V4"
            },
            "rating": 0,
            "reference": "ChIJMT4_KKY510gRJtS798SYSwM",
            "scope": "GOOGLE",
            "types": [
                "cafe",
                "food",
                "point_of_interest",
                "establishment"
            ],
            "user_ratings_total": 0,
            "vicinity": "Iceland"
        },
        {
            "business_status": "OPERATIONAL",
            "geometry": {
                "location": {
                    "lat": 63.898891,
                    "lng": -16.6114129
                },
                "viewport": {
                    "northeast": {
                        "lat": 63.89960152989272,
                        "lng": -16.60663915000001
                    },
                    "southwest": {
                        "lat": 63.89690187010728,
                        "lng": -16.61300414999999
                    }
                }
            },
            "icon": "https://maps.gstatic.com/mapfiles/place_api/icons/v1/png_71/lodging-71.png",
            "name": "Fosshotel Glacier Lagoon",
            "opening_hours": {
                "open_now": true
            },
            "photos": [
                {
                    "height": 1152,
                    "html_attributions": [
                        "<a href=\"https://maps.google.com/maps/contrib/109973930604983575291\">Fosshotel Glacier Lagoon</a>"
                    ],
                    "photo_reference": "CmRaAAAAC6Hzyz0rInxnPgzWzlFrxjyBey2efgfJXleBOJvSuwxUV6dyfxNx9QEV0564VquPbCzZnJz_DrOwUFgjUonn5VsO1DHKmAQ5V2tGMQBHSePZw0_gd_Ac8hY_Wn1ZFPCyEhAi0iYkTl4GWjEO6QCMRuOlGhREX6ltApTmlSlOebWyDzgzcnLGlw",
                    "width": 2048
                }
            ],
            "place_id": "ChIJ5ZlHOeol0EgRPgUk3X39yU4",
            "plus_code": {
                "compound_code": "V9XQ+HC Hof, Iceland",
                "global_code": "9CM5V9XQ+HC"
            },
            "rating": 4.5,
            "reference": "ChIJ5ZlHOeol0EgRPgUk3X39yU4",
            "scope": "GOOGLE",
            "types": [
                "lodging",
                "bar",
                "restaurant",
                "food",
                "point_of_interest",
                "establishment"
            ],
            "user_ratings_total": 1055,
            "vicinity": "Hnappavellir, Öræfi"
        }
    ],
    "ids": [
        "ChIJAQAwKCsL1kgRmuabzIemfIQ",
        "ChIJUyPMNsl01kgRP1Xm9hHW2hM",
        "ChIJJwAAU8901kgRlbv1oUt42bI",
        "ChIJPTgyVztz1kgRa8NWti7tG-A",
        "ChIJyyAk7-cM1kgR6RAhWNgdKu4",
        "ChIJDWd4abB01kgRVa9ciZrCh1U",
        "ChIJQYyMf_d11kgRQOPNGJiB0MY",
        "ChIJs5aAplpz1kgRZjlbatrVzfo",
        "ChIJn9l95Uxz1kgRVvDovvO3uvs",
        "ChIJI1VUma831EgRPWxdGmEGIdk",
        "ChIJL0vw1LSj1kgR8HXxNPBi2i8",
        "ChIJhVE6NhBf1kgRLhCLrTloKfI",
        "ChIJPVSQlchf1kgRfBpXccv6p4M",
        "ChIJMT4_KKY510gRJtS798SYSwM",
        "ChIJ5ZlHOeol0EgRPgUk3X39yU4"
    ]
}