{
    "results": [
        {
            "business_status": "OPERATIONAL",
            "geometry": {
                "location": {
                    "lat": 64.1476781,
                    "lng": -21.939615
                },
                "viewport": {
                    "northeast": {
                        "lat": 64.14906742989271,
                        "lng": -21.93823032010728
                    },
                    "southwest": {
                        "lat": 64.14636777010726,
                        "lng": -21.94092997989273
                    }
                }
            },
            "icon": "https://maps.gstatic.com/mapfiles/place_api/icons/v1/png_71/shopping-71.png",
            "name": "Vínbúðin",
            "opening_hours": {
                "open_now": false
            },
            "photos": [
                {
                    "height": 4032,
                    "html_attributions": [
                        "<a href=\"https://maps.google.com/maps/contrib/117030211722558838758\">A Google User</a>"
                    ],
                    "photo_reference": "CmRaAAAAHj_b7jWetm42nIA0NFQE9DNZtiNqL7lQ9WVrCxgu8putMfWJWfhCoeEjHa3ZW15Tp3KtS1w7eMePtbP504SKKlMPscuNVBl9eD_E8ljnlCoQG5PXQgZHDzjhL2qrKpeuEhBvKB9HXivsPZRK6RqNIx-GGhRDjoJ2kc7WAvprZ1MjyWVaS3LDOQ",
                    "width": 3024
                }
            ],
            "place_id": "ChIJd-zbFC0L1kgR53rtKtupBZs",
            "plus_code": {
                "compound_code": "43X6+35 Reykjavík",
                "global_code": "99PW43X6+35"
            },
            "rating": 4,
            "reference": "ChIJd-zbFC0L1kgR53rtKtupBZs",
            "scope": "GOOGLE",
            "types": [
                "liquor_store",
                "point_of_interest",
                "store",
                "establishment"
            ],
            "user_ratings_total": 216,
            "vicinity": "Austurstræti 10a, Reykjavík"
        },
        {
            "business_status": "OPERATIONAL",
            "geometry": {
                "location": {
                    "lat": 64.10451739999999,
                    "lng": -21.8767025
                },
                "viewport": {
                    "northeast": {
                        "lat": 64.10574337989271,
                        "lng": -21.87568217010728
                    },
                    "southwest": {
                        "lat": 64.10304372010728,
                        "lng": -21.87838182989272
                    }
                }
            },
            "icon": "https://maps.gstatic.com/mapfiles/place_api/icons/v1/png_71/shopping-71.png",
            "name": "Vínbúðin",
            "opening_hours": {
                "open_now": false
            },
            "photos": [
                {
                    "height": 2880,
                    "html_attributions": [
                        "<a href=\"https://maps.google.com/maps/contrib/105838626103212769233\">Olexiy Zozulya</a>"
                    ],
                    "photo_reference": "CmRaAAAATQIX22PhUfiGQr2Jv5Fpv0Rcsd7Iz2D5hGxNbH0Z0H363INcfr0daA3HkuTXTvP2gYFcRyJEBYNXGtk3r8iSJvNeCOXIyDlOypNEo9pNpgO2gn3lD2XWGcaUMNhrNPRgEhCitRdLRwhG-2kWF79LCEXDGhSg6MGmrvSeMgltjGogBJON18O_bw",
                    "width": 2160
                }
            ],
            "place_id": "ChIJCZQlbU5z1kgROq3P1aB5gcI",
            "plus_code": {
                "compound_code": "443F+R8 Kópavogur",
                "global_code": "99PW443F+R8"
            },
            "rating": 4.5,
            "reference": "ChIJCZQlbU5z1kgROq3P1aB5gcI",
            "scope": "GOOGLE",
            "types": [
                "liquor_store",
                "point_of_interest",
                "store",
                "establishment"
            ],
            "user_ratings_total": 91,
            "vicinity": "Dalvegur 2, Kópavogur"
        }
    ],
    "ids": [
        "ChIJd-zbFC0L1kgR53rtKtupBZs",
        "ChIJCZQlbU5z1kgROq3P1aB5gcI"
    ]
}